title,NOUN,ADJ,VERB,DET,ADP,PUNCT,NUM,ADV,CCONJ,PRON,SCONJ,AUX,sum|AUX,qui|PRON,et|CCONJ,in|ADP,is|PRON,que|CCONJ,ad|ADP,hic|DET,non|ADV,ab|ADP,sui|PRON,atque|CCONJ,res|NOUN,ut|SCONJ,omnis|DET,ex|ADP,ille|DET,possum|VERB,neque|CCONJ,cum|ADP,cum|SCONJ,sed|CCONJ,suus|DET,facio|VERB,de|ADP,dico|VERB,ipse|DET,si|SCONJ,ego|PRON,habeo|VERB,aut|CCONJ,quam|SCONJ,locus|NOUN,quis|PRON,quod|SCONJ,ne|SCONJ,enim|ADV,etiam|ADV,tu|PRON,video|VERB,idem|DET,multus|DET,eo|PRON,qui|SCONJ,alius|DET,pars|NOUN,tamen|ADV,causa|NOUN,tempus|NOUN,quidem|ADV,animus|NOUN,NOUN|NOUN|VERB,NOUN|VERB|NOUN,NOUN|VERB|VERB,ADP|NOUN|VERB,NOUN|NOUN|NOUN,NOUN|ADP|NOUN,NOUN|CCONJ|NOUN,ADP|NOUN|NOUN,VERB|NOUN|VERB,VERB|NOUN|NOUN,DET|NOUN|VERB,ADJ|NOUN|VERB,NOUN|VERB|CCONJ,VERB|ADP|NOUN,NOUN|ADJ|NOUN,NOUN|NOUN|CCONJ,ADJ|NOUN|NOUN,NOUN|VERB|PRON,NOUN|VERB|ADV,VERB|VERB|NOUN,DET|NOUN|NOUN,NOUN|VERB|DET,NOUN|ADJ|VERB,NOUN|VERB|SCONJ,NOUN|VERB|ADP,CCONJ|NOUN|VERB,NOUN|NOUN|ADJ,PRON|NOUN|VERB,VERB|VERB|VERB,ADP|DET|NOUN,VERB|DET|NOUN,CCONJ|NOUN|NOUN,VERB|NOUN|CCONJ,NOUN|DET|NOUN,ADP|NOUN|ADJ,PRON|ADP|NOUN,ADP|ADJ|NOUN,NOUN|NOUN|ADP,NOUN|VERB|ADJ,VERB|PRON|NOUN,NOUN|ADV|VERB,VERB|CCONJ|NOUN,VERB|VERB|CCONJ,PRON|NOUN|NOUN,VERB|ADV|VERB,VERB|ADJ|NOUN,VERB|VERB|PRON,VERB|VERB|ADV,ADV|VERB|NOUN,NOUN|CCONJ|VERB,VERB|NOUN|ADJ,ADV|NOUN|VERB,PRON|VERB|VERB,VERB|CCONJ|VERB,NOUN|DET|VERB,ADV|ADP|NOUN,ADV|NOUN|NOUN,CCONJ|ADP|NOUN,ADP|PRON|NOUN,VERB|ADV|NOUN,VERB|VERB|SCONJ,NOUN|PRON|VERB,NOUN|VERB|AUX,VERB|SCONJ|NOUN,VERB|NOUN|ADV,VERB|NOUN|ADP,VERB|VERB|DET,PRON|VERB|NOUN,NOUN|PRON|NOUN,ADV|VERB|VERB,NOUN|NOUN|DET,DET|ADP|NOUN,ADJ|VERB|NOUN,VERB|PRON|VERB,NOUN|NOUN|PRON,DET|VERB|NOUN,NOUN|NOUN|ADV,ADP|PRON|VERB,VERB|CCONJ|ADV,NOUN|ADJ|CCONJ,CCONJ|ADJ|NOUN,VERB|NOUN|PRON,VERB|VERB|ADP,VERB|NOUN|DET,VERB|ADP|PRON,VERB|PRON|ADV,SCONJ|ADP|NOUN,SCONJ|NOUN|VERB,ADJ|ADP|NOUN,PRON|ADV|VERB,CCONJ|VERB|NOUN,NOUN|ADV|NOUN,ADJ|NOUN|ADJ,NOUN|ADP|PRON,VERB|CCONJ|ADP,ADJ|VERB|VERB,ADP|NOUN|ADP,ADP|NOUN|CCONJ,DET|VERB|VERB,VERB|SCONJ|PRON
african_1,300.53552302749023,68.8325598000714,198.85755087468763,48.05426633345234,90.39628704034274,38.70046411995716,12.85255265976437,63.33452338450553,72.9739378793288,60.40699750089254,27.99000357015352,17.065333809353803,17.065333809353803,19.4216351303106,20.56408425562299,23.563013209568012,19.136022848982506,33.34523384505534,12.209925026776151,4.569796501249554,7.782934666190646,12.923955730096393,12.85255265976437,10.21063905747947,5.9264548375580155,6.569082470546234,5.069617993573724,8.925383791503036,0.8568368439842914,3.141735094609068,4.141378079257408,6.854694751874331,4.284184219921457,1.2138521956444126,10.567654409139593,5.9978579078900385,2.570510531952874,0.785433773652267,4.49839343091753,1.0710460549803642,0.49982149232416995,2.9275258836129954,1.6422706176365585,1.1424491253123885,3.7129596572652623,0.8568368439842914,2.641913602284898,1.9992859692966798,1.4994644769725096,0.9996429846483399,0.9996429846483399,0.5712245626561943,2.070689039628704,0.9282399143163156,3.141735094609068,1.8564798286326312,0.21420921099607285,2.9989289539450192,0.785433773652267,0.9282399143163156,1.9278828989646555,0.14280614066404856,2.070689039628704,19.992859692966796,19.49303820064263,16.20849696536951,20.135665833630846,14.780435558729025,17.636558372009997,10.139235987147448,15.137450910389147,7.997143877186719,9.353802213495179,8.139950017850767,8.068546947518744,11.710103534451981,11.924312745448056,7.782934666190646,10.924669760799715,7.425919314530525,5.712245626561942,8.925383791503036,7.283113173866477,5.712245626561942,4.712602641913602,6.640485540878258,4.569796501249554,8.068546947518744,8.139950017850767,6.640485540878258,7.782934666190646,4.069975008925383,6.640485540878258,4.49839343091753,6.140664048554087,6.783291681542306,4.712602641913602,5.426633345233845,4.49839343091753,6.212067118886112,5.9978579078900385,5.640842556229918,4.212781149589432,4.85540878257765,6.283470189218136,6.640485540878258,4.569796501249554,4.141378079257408,4.212781149589432,2.4991074616208495,3.570153516601214,4.212781149589432,5.9978579078900385,4.069975008925383,3.7843627275972866,3.0703320242770435,3.7129596572652623,2.856122813280971,5.712245626561942,4.141378079257408,7.140307033202428,4.569796501249554,3.855765797929311,2.1420921099607284,3.7843627275972866,1.6422706176365585,2.356301320956801,6.140664048554087,4.426990360585505,1.6422706176365585,2.570510531952874,3.9271688682613353,2.356301320956801,3.49875044626919,2.427704391288825,3.141735094609068,2.070689039628704,3.3559443056051412,1.9278828989646555,2.9989289539450192,1.9992859692966798,3.284541235273117,2.7133166726169224,2.2134951802927527,3.2131381649410926,2.7133166726169224,2.641913602284898,2.427704391288825,1.0710460549803642,2.284898250624777,1.8564798286326312,3.2131381649410926,1.4280614066404855,3.2131381649410926,3.0703320242770435,2.070689039628704,2.641913602284898,5.783648696893967,1.9992859692966798,4.712602641913602,1.8564798286326312,1.3566583363084612,1.785076758300607
alexandrine_1,272.5816784112748,76.87379884689302,202.75464445868033,75.27226137091608,75.59256886611148,49.0070467648943,8.327994875080076,55.41319666880205,77.83472133247918,51.569506726457405,28.187059577194105,26.585522101217165,26.26521460602178,21.46060217809097,22.42152466367713,22.42152466367713,12.171684817424728,18.57783472133248,12.812299807815503,13.13260730301089,8.327994875080076,9.609224855861628,10.249839846252401,19.218449711723256,4.163997437540038,6.72645739910314,11.531069827033953,11.531069827033953,5.124919923126201,8.00768737988469,8.327994875080076,1.9218449711723256,3.523382447149263,3.523382447149263,4.163997437540038,1.9218449711723256,1.6015374759769379,0.6406149903907751,3.843689942344651,3.523382447149263,0.32030749519538754,4.804612427930814,4.163997437540038,0.9609224855861628,7.367072389493914,1.9218449711723256,4.163997437540038,2.5624599615631003,2.5624599615631003,1.2812299807815501,0,4.484304932735426,1.9218449711723256,2.5624599615631003,1.9218449711723256,1.2812299807815501,2.242152466367713,6.72645739910314,1.9218449711723256,2.5624599615631003,4.163997437540038,0.9609224855861628,3.2030749519538757,21.46060217809097,16.655989750160153,16.335682254964766,15.695067264573991,9.929532351057015,14.093529788597053,12.812299807815503,8.968609865470851,12.491992312620116,9.929532351057015,10.57014734144779,11.85137732222934,15.374759769378604,8.00768737988469,7.367072389493914,8.327994875080076,6.406149903907751,9.28891736066624,6.72645739910314,3.843689942344651,6.72645739910314,7.687379884689302,4.804612427930814,6.406149903907751,6.085842408712364,9.28891736066624,3.843689942344651,6.72645739910314,2.5624599615631003,4.804612427930814,6.085842408712364,7.046764894298526,4.804612427930814,3.2030749519538757,6.085842408712364,2.8827674567584882,6.406149903907751,3.523382447149263,5.445227418321589,3.843689942344651,3.2030749519538757,7.367072389493914,4.804612427930814,3.523382447149263,0.9609224855861628,3.523382447149263,3.2030749519538757,2.8827674567584882,3.2030749519538757,4.163997437540038,3.523382447149263,4.804612427930814,3.523382447149263,4.804612427930814,4.163997437540038,2.8827674567584882,3.2030749519538757,4.804612427930814,3.2030749519538757,2.8827674567584882,3.2030749519538757,2.8827674567584882,4.484304932735426,1.2812299807815501,3.843689942344651,4.163997437540038,4.804612427930814,4.163997437540038,2.242152466367713,1.9218449711723256,2.5624599615631003,3.523382447149263,3.2030749519538757,4.484304932735426,2.8827674567584882,5.445227418321589,4.163997437540038,1.6015374759769379,3.843689942344651,2.8827674567584882,2.8827674567584882,0.9609224855861628,2.242152466367713,3.2030749519538757,0.32030749519538754,1.2812299807815501,1.9218449711723256,0.32030749519538754,2.5624599615631003,1.2812299807815501,2.242152466367713,1.9218449711723256,1.9218449711723256,0.6406149903907751,3.843689942344651,1.2812299807815501,3.523382447149263,2.5624599615631003,1.6015374759769379,0.9609224855861628
alexandrine_2,294.64949219717613,81.62001486252167,205.1027991082487,50.9041367351994,67.9960366608868,43.47287589794402,8.917513004706464,62.05102799108249,60.93633886549418,67.25291057716126,35.54619767153827,21.550656428040625,21.550656428040625,25.01857815209314,17.091899925687393,24.027743373792422,20.559821649739906,23.53232598464206,11.64230864503344,5.201882586078771,5.6972999752291305,7.6789695318305675,13.004706465196929,5.94500866980431,6.192717364379489,7.9266782264057465,6.935843448105029,6.440426058954669,2.353232598464206,4.706465196928412,6.192717364379489,4.458756502353232,6.192717364379489,2.1055239038890265,8.174386920980925,5.6972999752291305,2.229378251176616,0.3715630418627694,4.458756502353232,2.229378251176616,0,3.591776071340104,2.972504334902155,3.2202130294773346,6.31657171166708,1.238543472875898,4.458756502353232,3.715630418627694,2.7247956403269753,1.6101065147386673,0.12385434728758979,0.9908347783007183,3.2202130294773346,2.6009412930393854,2.7247956403269753,2.477086945751796,0.619271736437949,2.972504334902155,3.4679217240525144,1.857815209313847,2.477086945751796,0.24770869457517958,2.1055239038890265,21.674510775328212,18.70200644042606,16.47262818924944,14.367104285360416,14.243249938072825,12.385434728758979,10.279910824869953,11.394599950458261,11.146891255883082,11.394599950458261,7.183552142680208,11.023036908595492,7.183552142680208,10.527619519445134,9.412930393856824,8.793658657418876,8.793658657418876,8.174386920980925,8.669804310131285,8.545949962843697,7.183552142680208,4.706465196928412,5.6972999752291305,4.706465196928412,7.059697795392618,6.440426058954669,6.688134753529849,6.564280406242259,6.0688630170919,5.573445627941541,4.087193460490463,5.82115432251672,5.449591280653951,3.9633391132028732,5.201882586078771,3.8394847659152838,3.3440673767649245,5.078028238791181,6.935843448105029,5.078028238791181,4.830319544216001,4.087193460490463,3.715630418627694,4.087193460490463,3.9633391132028732,6.688134753529849,3.3440673767649245,3.715630418627694,3.4679217240525144,5.078028238791181,4.830319544216001,4.582610849640822,2.353232598464206,4.582610849640822,4.582610849640822,2.477086945751796,2.8486499876145652,3.0963586821897446,3.3440673767649245,3.8394847659152838,2.7247956403269753,4.458756502353232,2.229378251176616,4.087193460490463,3.591776071340104,4.087193460490463,1.4862521674510776,4.458756502353232,4.954173891503592,2.972504334902155,2.8486499876145652,2.6009412930393854,4.087193460490463,2.7247956403269753,4.087193460490463,3.4679217240525144,3.4679217240525144,2.353232598464206,1.4862521674510776,2.7247956403269753,2.8486499876145652,4.087193460490463,3.4679217240525144,3.3440673767649245,1.9816695566014366,2.7247956403269753,2.8486499876145652,2.1055239038890265,3.4679217240525144,1.6101065147386673,3.591776071340104,2.6009412930393854,2.6009412930393854,2.477086945751796,1.7339608620262572,2.6009412930393854,2.229378251176616,1.7339608620262572,1.238543472875898,2.1055239038890265
amicitia_1,195.0827897641746,71.1490215755143,179.62870045158053,74.25990968389362,65.12794781736076,53.18615153035625,4.515805318615153,99.64877069744105,66.13146011038636,85.39889613647767,59.407927747114904,46.462619167084796,46.36226793778224,33.21625689914701,24.284997491219265,20.471650777722026,17.26041144004014,9.43301555444054,8.228800802809834,9.73406924234822,13.246362267937782,7.72704465629704,8.128449573507275,5.017561465127947,10.637230306071249,17.3607626693427,6.021073758153538,5.3186151530356245,7.927747114902158,8.529854490717511,7.124937280481686,5.2182639237330655,5.6196688409433015,7.425990968389363,2.5087807325639737,4.315102860010035,6.021073758153538,5.82037129954842,6.221776216758656,7.626693426994481,6.221776216758656,4.315102860010035,5.3186151530356245,5.720020070245861,1.1038635223281485,5.82037129954842,4.014049172102358,3.913697942799799,10.135474159558456,5.920722528850979,2.7094831911690918,3.913697942799799,2.91018564977421,4.214751630707476,1.8063221274460612,3.7129954841946815,2.308078273958856,0.5017561465127948,2.7094831911690918,2.207727044656297,0.8028098344204717,5.920722528850979,2.8098344204716508,8.63020572002007,7.425990968389363,7.72704465629704,8.63020572002007,6.121424987456097,5.5193176116407425,8.329152032112393,6.322127446061215,5.1179126944305064,3.913697942799799,6.623181133968891,4.515805318615153,4.71650777722027,7.124937280481686,3.5122930255895635,5.3186151530356245,3.8133467134972405,5.2182639237330655,4.71650777722027,2.6091319618665327,3.8133467134972405,3.110888108379328,3.7129954841946815,4.315102860010035,3.5122930255895635,3.5122930255895635,3.010536879076769,3.5122930255895635,3.913697942799799,5.017561465127947,3.010536879076769,2.5087807325639737,2.308078273958856,3.211239337681887,4.515805318615153,4.917210235825388,2.107375815353738,2.107375815353738,2.007024586051179,3.211239337681887,4.616156547917712,2.5087807325639737,3.913697942799799,2.4084295032614147,5.017561465127947,2.007024586051179,3.211239337681887,5.6196688409433015,3.8133467134972405,2.4084295032614147,1.7059708981435022,3.8133467134972405,3.913697942799799,4.816859006522829,3.5122930255895635,3.6126442548921225,3.3115905669844454,1.4049172102358254,2.4084295032614147,3.5122930255895635,3.5122930255895635,3.211239337681887,4.515805318615153,2.7094831911690918,2.6091319618665327,1.6056196688409434,1.8063221274460612,3.010536879076769,1.6056196688409434,4.014049172102358,2.91018564977421,2.308078273958856,1.2042147516307073,3.8133467134972405,1.8063221274460612,1.7059708981435022,3.4119417962870044,3.3115905669844454,2.207727044656297,1.5052684395383844,1.2042147516307073,2.207727044656297,1.9066733567486203,1.7059708981435022,2.8098344204716508,4.014049172102358,3.7129954841946815,2.4084295032614147,1.1038635223281485,3.5122930255895635,1.8063221274460612,2.8098344204716508,1.4049172102358254,2.207727044656297,1.7059708981435022,1.4049172102358254,1.0035122930255895,2.7094831911690918,2.8098344204716508,3.211239337681887
brutus_1,219.7085460847527,71.70809884089299,176.77313555215983,73.42253363646527,63.62043904438895,56.427266967313926,9.80209459207633,100.4807871491931,74.3170213558943,69.88185308039209,44.12806082516492,39.73016287130558,39.50654094144832,26.126495471655918,34.99683202266036,22.324922664082592,13.230964183220902,9.615742983861951,6.485035965860385,12.373746785434758,12.70917968022064,5.963251462860124,3.7643024859304535,3.503410234430323,6.0005217845029994,10.622041668219596,4.882412135216727,5.03149342178823,10.100257165219336,4.919682456859603,5.255115351645485,4.919682456859603,7.081361112146397,9.615742983861951,2.0871380120010437,2.3107599418582985,6.708657895717639,15.057209943721814,5.814170176288621,4.360627632216467,7.789497223361037,3.876113450859081,4.3233573105735905,4.658790205359472,1.3790019007864038,3.018896053072938,2.4598412284298017,2.7580038015728077,4.956952778502479,7.789497223361037,4.6960605270023486,3.838843129216205,4.137005702359212,4.994223100145355,1.8635160821437888,2.683463158287056,2.422570906786926,0.7454064328575155,4.584249562073721,3.9133837725019567,2.571652193358429,5.255115351645485,1.4535425440721552,9.205769445790317,7.93857850993254,7.7149565800752855,6.522306287503261,9.727553948790577,5.404196638216988,9.653013305504826,7.081361112146397,5.963251462860124,4.8078714919309755,6.112332749431627,5.106034065073982,5.366926316574112,5.47873728150274,5.627818568074242,5.851440497931497,4.8078714919309755,3.9133837725019567,5.1805747083597335,4.658790205359472,4.919682456859603,3.466139912787447,3.1307070180015653,3.2425179829301927,3.018896053072938,4.099735380716336,3.876113450859081,2.720733479929932,4.882412135216727,4.733330848645224,3.5779508777160745,3.4288695911445712,4.435168275502218,3.838843129216205,3.7270321642875777,3.3915992695016954,3.0561663747158136,2.6089225150013045,1.9380567254295404,2.0871380120010437,4.621519883716597,3.3543289478588196,3.9133837725019567,1.975327047072416,4.435168275502218,2.1616786552867953,2.9070850881443104,4.174276024002087,4.956952778502479,3.4288695911445712,2.7952741232156835,3.5406805560731986,4.025194737430584,4.137005702359212,3.205247661287317,3.7270321642875777,2.8325444448585593,3.018896053072938,2.012597368715292,2.9443554097871862,2.3480302635011743,3.167977339644441,4.025194737430584,2.049867690358168,4.286086988930715,1.341731579143528,2.236219298572547,2.571652193358429,2.4971115500726775,4.174276024002087,3.2797883045730685,2.3480302635011743,2.1616786552867953,2.6089225150013045,2.571652193358429,2.5343818717155533,3.876113450859081,1.975327047072416,3.503410234430323,2.422570906786926,2.720733479929932,2.1244083336439195,2.0871380120010437,1.8635160821437888,2.049867690358168,2.683463158287056,1.826245760500913,1.490812865715031,1.5280831873579068,3.652491521001826,2.198948976929671,3.205247661287317,1.826245760500913,1.9007864037866646,2.012597368715292,1.5280831873579068,1.2671909358577766,2.7580038015728077,2.2734896202154227,1.9380567254295404
catilinae_sallusti,287.61604484147836,88.4568225608688,186.98546155193554,64.8975302154493,66.29882641443335,54.21264669819583,6.480994920301279,60.95638465580662,62.09493781748117,59.292345419513055,33.71868978805395,28.989315116482747,28.37624802942722,18.216850586792784,10.597302504816955,19.53056577334034,15.939744263443686,10.860045542126468,5.780346820809248,6.305832895428272,3.8535645472061657,5.780346820809248,6.393413907864775,15.151515151515152,12.524084778420038,2.4522683482221055,8.14503415659485,6.04308985811876,6.831318970047294,2.627430373095113,7.969872131721843,5.167279733753722,1.138553161674549,8.758101243650376,4.028726572079173,5.780346820809248,4.9921177088807145,2.802592397968121,3.5908215098966547,3.5908215098966547,4.816955684007707,6.568575932737782,4.9921177088807145,4.554212646698196,1.9267822736030829,2.890173410404624,2.977754422841128,2.10194429847609,0.3503240497460151,0.8758101243650377,0.43790506218251884,2.627430373095113,1.6640392362935714,3.415659485023647,2.802592397968121,1.488877211420564,7.707129094412331,1.2261341741110527,1.488877211420564,1.576458223857068,1.4012961989840604,0.26274303730951126,4.9921177088807145,20.931861972324402,13.750218952531092,12.173760728674022,11.998598703801017,19.180241723594325,13.137151865475564,15.852163251007182,10.246978455070941,9.020844280959887,11.035207566999475,8.40777719390436,9.54633035557891,7.269224032229813,7.969872131721843,10.334559467507445,7.619548081975828,7.969872131721843,8.320196181467859,8.320196181467859,6.480994920301279,6.656156945174286,6.480994920301279,8.232615169031353,5.867927833245752,6.568575932737782,6.831318970047294,8.933263268523385,4.291469609388685,5.517603783499737,4.379050621825188,6.480994920301279,5.692765808372744,4.028726572079173,4.116307584515677,5.342441758626729,3.8535645472061657,5.780346820809248,4.554212646698196,4.904536696444211,5.342441758626729,3.7659835347696617,3.415659485023647,2.539849360658609,5.167279733753722,2.627430373095113,4.291469609388685,2.802592397968121,2.715011385531617,3.5908215098966547,2.802592397968121,4.554212646698196,3.065335435277632,2.10194429847609,2.802592397968121,3.7659835347696617,2.977754422841128,3.152916447714136,2.277106323349098,1.576458223857068,3.7659835347696617,2.4522683482221055,2.802592397968121,4.729374671571204,4.028726572079173,1.576458223857068,3.152916447714136,3.415659485023647,2.4522683482221055,2.364687335785602,3.5032404974601508,3.152916447714136,2.4522683482221055,3.5032404974601508,2.539849360658609,2.715011385531617,2.4522683482221055,2.364687335785602,1.3137151865475565,2.189525310912594,3.328078472587143,2.277106323349098,1.488877211420564,2.277106323349098,1.8392012611665791,1.138553161674549,3.065335435277632,2.0143632860395866,3.152916447714136,2.627430373095113,2.539849360658609,2.627430373095113,2.189525310912594,4.291469609388685,0.7006480994920302,1.488877211420564,2.4522683482221055,2.627430373095113,2.977754422841128,3.415659485023647,1.7516202487300754
civil_1,293.953959018467,68.89282401551563,208.7865755965933,59.87014082131714,81.87874188380133,58.94257525929673,12.227000590268993,46.715574669027745,66.70039632346742,56.15987857323552,29.26047727464373,16.61185597436546,16.27455940635804,22.092925204486047,17.370773252382158,20.828063074458218,13.913483430306098,22.430221772493464,14.419428282317227,11.046462602243023,4.975124378109452,12.732945442280124,13.407538578294966,15.43131798633949,10.456193608230036,8.685386626191079,10.20322118222447,9.275655620204065,3.7102622480816256,4.469179526098322,4.890800236107598,6.492958934142845,2.7826966860612194,2.8670208280630742,6.8302555021502656,4.216207100092757,3.878910532085336,1.0962138460241166,3.7945863900834813,2.445400118053799,0,4.553503668100177,2.1924276920482333,1.1805379880259717,6.071338224133569,0.42162071000927565,4.553503668100177,2.698372544059364,1.5178345560333923,2.445400118053799,0,1.8551311240408128,2.8670208280630742,1.6864828400371026,3.2043173960704947,1.349186272029682,1.8551311240408128,3.372965680074205,2.023779408044523,3.0356691120667847,2.7826966860612194,0.16864828400371026,1.6864828400371026,27.068049582595496,21.4183320684712,17.62374567838772,19.984821654439667,16.3588835483599,16.021586980352474,10.877814318239311,12.395648874272705,11.299435028248588,9.950248756218905,9.0226831941985,10.287545324226327,12.64862130027827,8.432414200185514,7.5048486381651065,10.118897040222615,9.444303904207773,7.926469348174382,6.661607218146555,7.673496922168817,7.673496922168817,9.191331478202208,5.649717514124294,5.987014082131714,7.251876212159542,7.083227928155831,5.0594485201113075,6.577283076144701,4.890800236107598,5.565393372122439,5.143772662113164,5.649717514124294,7.757821064170672,4.806476094105743,4.131882958090902,4.216207100092757,5.818365798128005,5.228096804115018,6.577283076144701,4.469179526098322,3.5416139640779156,3.7945863900834813,4.384855384096467,4.300531242094611,2.445400118053799,5.481069230120584,4.300531242094611,4.553503668100177,2.698372544059364,4.722151952103887,3.7945863900834813,1.6864828400371026,3.625938106079771,4.384855384096467,2.3610759760519433,2.5297242600556538,3.7945863900834813,5.228096804115018,4.384855384096467,3.2886415380723504,2.95134497006493,2.5297242600556538,1.349186272029682,4.216207100092757,3.878910532085336,5.228096804115018,3.5416139640779156,3.7945863900834813,2.5297242600556538,1.6864828400371026,2.445400118053799,3.0356691120667847,3.625938106079771,2.95134497006493,2.614048402057509,3.963234674087191,1.939455266042668,3.7102622480816256,2.7826966860612194,2.5297242600556538,3.2886415380723504,2.2767518340500885,2.8670208280630742,2.1924276920482333,2.95134497006493,1.2648621300278269,2.614048402057509,1.8551311240408128,3.5416139640779156,1.1805379880259717,2.7826966860612194,1.8551311240408128,1.8551311240408128,3.11999325406864,4.047558816089046,3.5416139640779156,3.7102622480816256,1.6864828400371026,1.7708069820389578,1.6021586980352474
civil_2,295.2408505713872,69.86836395197454,204.10820193837696,68.4218139736728,78.54766382178505,55.40286416895704,11.283089830753653,49.03804426442934,64.22681903659772,56.12613915810791,29.220309561695355,18.515839722262406,18.515839722262406,23.578764646318533,17.358599739621003,18.94980471575293,11.717054824244178,20.39635469405468,15.188774772168378,11.861709822074353,5.2075799218863015,9.402574858961376,12.006364819904528,13.45291479820628,9.113264863301028,9.113264863301028,9.981194850282078,12.729639809055403,2.8930999566035007,5.6415449153768265,4.050339939244901,5.7861999132070014,2.3144799652828008,3.6163749457543757,5.2075799218863015,4.773614928395776,4.050339939244901,1.5912049761319254,3.4717199479242007,1.7358599739621003,1.0125849848112252,3.6163749457543757,3.7610299435845507,1.0125849848112252,4.9182699262259515,1.3018949804715754,3.6163749457543757,2.7484449587733257,2.3144799652828008,1.4465499783017504,0,2.7484449587733257,2.8930999566035007,1.3018949804715754,2.3144799652828008,1.7358599739621003,2.1698249674526253,3.4717199479242007,0.7232749891508752,2.0251699696224503,3.1824099522638507,1.4465499783017504,2.0251699696224503,26.182554607261682,18.37118472443223,19.52842470707363,17.647909735281353,17.358599739621003,15.188774772168378,12.006364819904528,15.333429769998554,10.270504845942426,12.295674815564878,8.389989874150151,11.138434832923478,9.402574858961376,6.654129900188051,6.654129900188051,9.691884854621728,8.100679878489801,7.522059887169101,7.956024880659627,7.811369882829451,7.522059887169101,9.981194850282078,5.2075799218863015,6.0755099088673505,4.6289599305656015,7.522059887169101,6.364819904527701,6.220164906697526,4.339649934905251,4.484304932735426,6.943439895848401,7.522059887169101,4.6289599305656015,5.2075799218863015,3.4717199479242007,5.4968899175466515,5.4968899175466515,5.7861999132070014,7.811369882829451,5.2075799218863015,2.7484449587733257,4.6289599305656015,4.339649934905251,3.9056849414147257,2.6037899609431507,4.9182699262259515,3.6163749457543757,2.7484449587733257,3.0377549544336753,5.2075799218863015,1.8805149717922753,2.1698249674526253,2.7484449587733257,5.930854911037176,2.0251699696224503,3.9056849414147257,2.7484449587733257,3.9056849414147257,4.050339939244901,1.7358599739621003,3.3270649500940257,2.8930999566035007,1.7358599739621003,3.9056849414147257,3.6163749457543757,4.339649934905251,5.6415449153768265,2.4591349631129757,3.1824099522638507,2.0251699696224503,2.8930999566035007,3.6163749457543757,3.3270649500940257,2.1698249674526253,2.8930999566035007,4.194994937075076,3.3270649500940257,2.0251699696224503,1.4465499783017504,1.7358599739621003,2.8930999566035007,2.7484449587733257,2.7484449587733257,3.6163749457543757,2.0251699696224503,1.3018949804715754,2.3144799652828008,1.8805149717922753,3.9056849414147257,1.3018949804715754,3.9056849414147257,1.7358599739621003,2.3144799652828008,2.8930999566035007,2.0251699696224503,2.8930999566035007,2.7484449587733257,2.7484449587733257,1.5912049761319254,0.8679299869810502
civil_3,301.45106514356286,68.4161778326644,206.23649274467428,64.0938561284347,78.54276011114541,47.23680148193887,9.323865390552639,45.56962025316456,72.18277246063599,54.09076875578882,30.935473911701145,21.920345785736338,21.73510342698364,20.870639086137697,21.117628897807965,17.659771534424205,15.128125964803951,24.884223525779564,15.189873417721518,12.349490583513429,4.878048780487805,10.435319543068848,9.879592466810744,12.102500771843161,8.212411238036431,9.509107749305342,9.632602655140476,11.05279407224452,3.581352269218895,4.631058968817536,4.692806421735104,4.816301327570238,5.557270762581044,4.507564062982402,5.43377585674591,4.754553874652671,4.3223217042297,1.0497066995986415,3.396109910466193,2.2229083050324174,0.4322321704229701,4.692806421735104,2.655140475455388,1.4201914171040446,6.1129978388391475,0.49397962334053724,3.396109910466193,2.2846557579499844,1.7289286816918803,1.8524235875270143,0,2.778635381290522,3.4578573633837606,1.975918493362149,3.8900895338067305,2.0376659462797155,1.667181228774313,3.0256251929607902,1.234949058351343,2.655140475455388,3.581352269218895,0.30873726458783574,1.667181228774313,26.304414942883607,19.88267983945662,18.524235875270143,16.918802099413398,15.683853041062058,17.227539364001235,12.287743130595862,13.275702377276938,10.497066995986415,10.805804260574252,8.953380673047237,10.744056807656685,13.02871256560667,8.02716887928373,10.311824637233714,8.582895955541833,9.015128125964804,6.48348255634455,7.224451991355357,6.915714726767521,6.359987650509416,8.521148502624266,5.6190182154986115,6.606977462179685,6.853967273849954,7.780179067613461,5.557270762581044,7.286199444272924,4.692806421735104,3.7048471750540286,5.9895029330040135,6.853967273849954,8.953380673047237,4.198826798394566,4.754553874652671,4.260574251312133,5.495523309663477,6.48348255634455,5.00154368632294,4.878048780487805,3.1491200987959247,6.421735103426983,5.9895029330040135,4.692806421735104,2.778635381290522,4.445816610064835,3.1491200987959247,3.0873726458783572,3.7048471750540286,4.507564062982402,4.137079345476999,3.334362457548626,2.0376659462797155,3.272615004631059,4.013584439641865,3.0256251929607902,2.716887928372955,4.384069157147267,4.137079345476999,2.408150663785119,3.0873726458783572,3.828342080889163,3.1491200987959247,3.272615004631059,2.469898116702686,3.643099722136462,4.3223217042297,3.7048471750540286,3.4578573633837606,1.4819388700216116,2.469898116702686,3.643099722136462,2.778635381290522,2.0376659462797155,2.778635381290522,4.878048780487805,2.5316455696202533,2.16116085211485,2.778635381290522,3.272615004631059,2.902130287125656,2.902130287125656,2.0376659462797155,2.5933930225378203,2.5316455696202533,1.0497066995986415,2.16116085211485,1.975918493362149,2.716887928372955,1.6054337758567458,3.0873726458783572,1.6054337758567458,2.0376659462797155,2.099413399197283,3.0256251929607902,2.16116085211485,3.396109910466193,2.655140475455388,1.8524235875270143,1.0497066995986415
deiotaro_1,229.86577181208054,57.286673058485135,191.99424736337488,78.37967401725791,71.66826462128475,52.25311601150527,3.5953978906999042,86.04985618408436,55.60882070949185,95.63758389261746,42.42569511025887,35.23489932885906,35.23489932885906,27.325023969319272,21.812080536912752,23.48993288590604,13.422818791946309,9.348034515819752,10.546500479386385,10.06711409395973,18.456375838926174,10.546500479386385,7.670182166826462,2.636625119846596,4.793863854266539,6.471716203259827,7.670182166826462,2.636625119846596,12.464046021093003,7.4304889741131355,3.835091083413231,5.512943432406519,10.06711409395973,8.62895493767977,3.3557046979865772,2.876318312559923,7.1907957813998085,7.4304889741131355,4.314477468839885,4.314477468839885,4.314477468839885,2.636625119846596,2.3969319271332696,4.793863854266539,2.3969319271332696,9.108341323106425,3.5953978906999042,2.1572387344199426,6.471716203259827,6.9511025886864815,22.77085330776606,2.636625119846596,3.1160115052732507,3.835091083413231,2.636625119846596,2.3969319271332696,0.23969319271332692,1.1984659635666348,3.835091083413231,3.5953978906999042,1.4381591562799616,2.1572387344199426,4.554170661553212,12.943432406519655,10.06711409395973,11.265580057526366,11.025886864813039,10.546500479386385,8.62895493767977,7.670182166826462,5.992329817833173,7.1907957813998085,6.9511025886864815,8.389261744966444,5.992329817833173,5.992329817833173,7.1907957813998085,3.3557046979865772,4.554170661553212,3.3557046979865772,9.827420901246404,5.273250239693192,5.512943432406519,5.992329817833173,5.512943432406519,4.554170661553212,3.5953978906999042,4.074784276126558,3.835091083413231,4.314477468839885,5.273250239693192,6.232023010546501,6.232023010546501,5.752636625119846,3.3557046979865772,2.636625119846596,6.232023010546501,2.636625119846596,5.752636625119846,3.3557046979865772,2.636625119846596,3.5953978906999042,2.876318312559923,5.273250239693192,3.3557046979865772,1.4381591562799616,4.554170661553212,4.554170661553212,2.876318312559923,4.314477468839885,4.793863854266539,3.835091083413231,3.5953978906999042,1.1984659635666348,4.554170661553212,3.835091083413231,2.876318312559923,3.5953978906999042,1.6778523489932886,3.3557046979865772,2.3969319271332696,3.835091083413231,3.1160115052732507,3.3557046979865772,3.835091083413231,3.835091083413231,1.9175455417066154,3.5953978906999042,2.3969319271332696,1.6778523489932886,3.5953978906999042,2.3969319271332696,3.5953978906999042,3.1160115052732507,2.1572387344199426,2.3969319271332696,4.793863854266539,2.636625119846596,2.3969319271332696,2.1572387344199426,2.636625119846596,2.876318312559923,2.876318312559923,1.4381591562799616,3.835091083413231,3.3557046979865772,3.3557046979865772,3.3557046979865772,4.554170661553212,2.876318312559923,2.1572387344199426,1.9175455417066154,2.1572387344199426,1.4381591562799616,3.1160115052732507,1.1984659635666348,3.5953978906999042,0.7190795781399808,2.3969319271332696,3.3557046979865772,2.1572387344199426,0.9587727708533077,2.636625119846596
gallic_1,271.3071444980473,67.42476453020906,201.35538708936366,62.6005053985757,80.97863542384562,47.438548127728005,8.385021824029405,53.2965770732828,57.6613829542844,79.0259591086607,45.60073512520101,24.92533884677234,24.92533884677234,22.398345968297726,22.398345968297726,20.79025959108661,25.384792097404087,12.405237767057201,12.749827705031013,9.648518263266713,10.45256145187227,11.601194578451643,19.5267631518493,8.61474844934528,8.040431886055595,8.499885136687343,8.040431886055595,7.236388697450034,2.067539627842867,7.236388697450034,5.972892258212727,5.85802894555479,5.168849069607168,2.297266253158741,11.830921203767517,8.040431886055595,4.249942568343672,3.560762692396049,5.5134390075809785,5.628302320238916,0,5.168849069607168,4.135079255685734,3.331036067080175,3.790489317711923,2.412129565816678,9.993108201240522,3.560762692396049,0.34458993797381116,1.95267631518493,0,1.0337698139214335,2.067539627842867,2.182402940500804,5.398575694923042,2.7567195037904892,1.3783597518952446,2.9864461291063633,1.0337698139214335,2.8715828164484263,1.6080863772111187,0.9189065012634965,1.2634964392373076,18.72271996324374,16.310590397427063,18.72271996324374,14.702504020215944,12.52010107971514,12.86469101768895,9.76338157592465,11.371467953135769,9.648518263266713,6.432345508844475,11.256604640477832,8.499885136687343,10.91201470250402,5.628302320238916,5.628302320238916,5.168849069607168,6.087755570870663,8.385021824029405,6.776935446818286,5.05398575694923,6.087755570870663,5.5134390075809785,6.087755570870663,8.385021824029405,6.547208821502411,6.776935446818286,6.202618883528601,10.337698139214336,7.351252010107972,6.202618883528601,5.5134390075809785,5.05398575694923,3.675626005053986,6.547208821502411,5.85802894555479,5.628302320238916,5.5134390075809785,4.824259131633356,3.675626005053986,5.972892258212727,2.9864461291063633,5.743165632896853,3.675626005053986,5.398575694923042,4.0202159430277975,3.445899379738112,5.283712382265104,4.70939581897542,1.6080863772111187,2.641856191132552,1.3783597518952446,3.675626005053986,4.364805881001608,3.2161727544222374,2.297266253158741,2.8715828164484263,2.412129565816678,3.560762692396049,6.317482196186537,2.526992878474615,4.479669193659546,3.1013094417643003,4.135079255685734,4.249942568343672,1.722949689869056,2.526992878474615,3.675626005053986,2.182402940500804,5.283712382265104,1.837813002526993,2.182402940500804,3.675626005053986,2.526992878474615,2.182402940500804,3.90535263036986,1.6080863772111187,1.3783597518952446,6.432345508844475,2.412129565816678,2.641856191132552,2.7567195037904892,2.526992878474615,2.067539627842867,2.7567195037904892,3.560762692396049,2.182402940500804,3.2161727544222374,4.0202159430277975,3.2161727544222374,1.722949689869056,1.4932230645531817,1.3783597518952446,1.95267631518493,3.90535263036986,3.675626005053986,2.067539627842867,2.297266253158741,2.297266253158741,1.6080863772111187,4.594532506317482
gallic_2,286.67563930013455,66.39748766262899,199.19246298788696,70.21085688649619,92.64244055630327,43.96590399282189,13.01031852848811,42.84432480933154,65.05159264244055,64.15432929564828,34.54463885150292,21.310004486316735,21.310004486316735,23.553162853297444,19.73979362943024,26.24495289367429,19.066846119336027,23.553162853297444,16.599371915657247,11.440107671601615,6.505159264244055,14.804845222072679,13.234634365186182,13.01031852848811,7.851054284432481,8.748317631224763,11.215791834903545,9.86989681471512,0.8972633467922835,7.178106774338268,4.93494840735756,6.056527590847914,7.178106774338268,1.5702108568864963,7.178106774338268,6.7294751009421265,3.1404217137729926,2.46747420367878,3.3647375504710633,2.6917900403768504,0,1.794526693584567,1.1215791834903543,2.6917900403768504,7.62673844773441,1.5702108568864963,5.15926424405563,2.2431583669807087,0.22431583669807087,2.46747420367878,0,3.1404217137729926,2.018842530282638,0.6729475100942126,3.1404217137729926,1.1215791834903543,2.46747420367878,5.383580080753701,0.44863167339614174,2.46747420367878,3.1404217137729926,0.44863167339614174,1.3458950201884252,21.310004486316735,20.63705697622252,16.82368775235532,16.82368775235532,8.524001794526693,14.356213548676536,11.215791834903545,11.440107671601615,11.215791834903545,7.178106774338268,12.113055181695827,7.62673844773441,11.215791834903545,7.178106774338268,6.7294751009421265,8.075370121130552,8.524001794526693,6.7294751009421265,5.832211754149843,7.62673844773441,8.524001794526693,8.075370121130552,7.402422611036339,5.383580080753701,7.851054284432481,8.075370121130552,4.710632570659489,6.280843427545985,5.15926424405563,7.851054284432481,6.7294751009421265,5.832211754149843,5.607895917451772,7.851054284432481,6.056527590847914,4.710632570659489,7.62673844773441,4.486316733961417,4.486316733961417,3.589053387169134,2.018842530282638,4.486316733961417,3.813369223867205,3.813369223867205,4.037685060565276,4.710632570659489,3.1404217137729926,3.1404217137729926,1.5702108568864963,4.93494840735756,3.589053387169134,2.46747420367878,4.93494840735756,3.589053387169134,2.018842530282638,2.2431583669807087,2.2431583669807087,4.710632570659489,5.15926424405563,2.018842530282638,3.3647375504710633,4.262000897263347,3.1404217137729926,1.5702108568864963,2.6917900403768504,5.383580080753701,4.262000897263347,2.9161058770749215,2.2431583669807087,1.5702108568864963,4.262000897263347,7.178106774338268,2.46747420367878,1.794526693584567,3.1404217137729926,2.018842530282638,1.794526693584567,4.93494840735756,2.46747420367878,2.6917900403768504,2.2431583669807087,2.46747420367878,2.6917900403768504,1.794526693584567,4.037685060565276,1.3458950201884252,2.9161058770749215,2.2431583669807087,2.6917900403768504,1.1215791834903543,3.3647375504710633,1.3458950201884252,2.018842530282638,3.589053387169134,4.710632570659489,2.018842530282638,3.3647375504710633,2.6917900403768504,2.46747420367878,1.1215791834903543
gallic_3,286.12490201201985,70.55134570159393,209.30232558139537,65.32532009406847,77.34517899137707,38.9338907760648,6.009929448654298,59.57669192579044,70.29004442121767,61.14449960804808,35.275672850796965,20.120198588973086,19.858897308596813,23.25581395348837,19.59759602822054,23.517115233864644,16.20067938332898,22.994512673112098,13.326365299189966,12.281160177684871,6.009929448654298,8.622942252417037,11.235955056179774,15.416775542200156,8.622942252417037,6.79383328978312,12.019858897308596,9.406846093545859,1.3065064018813692,6.009929448654298,6.532532009406846,5.226025607525477,7.316435850535668,1.567807682257643,4.964724327149203,6.79383328978312,2.8743140841390122,1.567807682257643,2.3517115233864647,1.829108962633917,0,2.8743140841390122,1.829108962633917,1.567807682257643,7.055134570159394,2.6130128037627385,7.577737130911941,2.0904102430101905,0.7839038411288215,1.567807682257643,0,1.0452051215050953,3.135615364515286,2.8743140841390122,3.9195192056441073,1.567807682257643,2.3517115233864647,4.964724327149203,1.829108962633917,3.658217925267834,2.0904102430101905,1.3065064018813692,0.7839038411288215,25.346224196498564,17.768487065586623,19.858897308596813,16.9845832244578,14.110269140318788,10.713352495427227,7.055134570159394,13.065064018813692,12.542461458061144,7.055134570159394,9.668147373922134,9.668147373922134,13.326365299189966,9.406846093545859,7.316435850535668,10.452051215050954,8.884243532793311,7.316435850535668,7.055134570159394,6.532532009406846,9.406846093545859,7.055134570159394,4.703423046772929,8.361640972040762,6.532532009406846,6.79383328978312,5.226025607525477,7.577737130911941,7.055134570159394,6.271230729030572,7.055134570159394,5.487326887901751,5.7486281682780245,2.0904102430101905,4.442121766396656,6.271230729030572,4.703423046772929,6.79383328978312,7.055134570159394,5.7486281682780245,4.442121766396656,7.055134570159394,5.7486281682780245,5.487326887901751,2.8743140841390122,3.9195192056441073,3.9195192056441073,4.442121766396656,2.8743140841390122,5.487326887901751,3.658217925267834,4.442121766396656,2.8743140841390122,1.567807682257643,3.9195192056441073,1.829108962633917,3.135615364515286,6.009929448654298,4.180820486020381,1.567807682257643,3.135615364515286,2.0904102430101905,2.3517115233864647,3.658217925267834,3.39691664489156,3.135615364515286,6.271230729030572,2.0904102430101905,2.6130128037627385,2.6130128037627385,1.567807682257643,3.658217925267834,3.9195192056441073,2.8743140841390122,2.3517115233864647,3.135615364515286,1.3065064018813692,2.0904102430101905,5.7486281682780245,4.180820486020381,2.8743140841390122,1.3065064018813692,1.567807682257643,1.567807682257643,1.829108962633917,1.3065064018813692,3.135615364515286,2.3517115233864647,3.658217925267834,0.7839038411288215,1.829108962633917,1.567807682257643,2.3517115233864647,3.39691664489156,3.135615364515286,1.567807682257643,2.3517115233864647,1.3065064018813692,2.8743140841390122,0.7839038411288215
gallic_4,266.61146760505073,63.754916166425176,219.41626992341128,65.41088801490375,85.90353963982612,42.64127509832333,7.658869799213414,51.542123783895676,62.92693024218589,74.10474021941627,35.81039122334921,24.21858828399917,24.21858828399917,31.463465121092945,25.460567170358104,24.83957772717864,19.25067273856344,8.900848685572345,16.76671496584558,14.903746636307183,5.588904988615194,10.3498240529911,16.76671496584558,14.696750155247361,8.693852204512524,6.623887393914304,9.52183812875181,11.798799420409853,2.6909542537776856,6.623887393914304,7.865866280273236,4.760919064375905,7.244876837093769,2.06996481059822,6.20989443179466,6.0028979507348375,3.311943696957152,2.897950734837508,2.6909542537776856,3.518940178016974,0.206996481059822,3.518940178016974,2.4839577727178637,2.6909542537776856,4.13992962119644,0.6209894431794659,6.20989443179466,2.06996481059822,0.827985924239288,1.2419788863589318,0,0.827985924239288,2.276961291658042,1.8629683295383979,2.4839577727178637,1.8629683295383979,1.448975367418754,6.623887393914304,2.4839577727178637,3.7259366590767957,2.4839577727178637,0.6209894431794659,0.206996481059822,24.632581246118818,17.387704409025048,19.04367625750362,24.425584765058996,11.384806458290209,10.763817015110742,8.486855723452702,9.935831090871455,9.935831090871455,6.623887393914304,9.935831090871455,8.900848685572345,17.59470089008487,7.658869799213414,5.381908507555371,5.588904988615194,8.072862761333058,11.177809977230387,9.52183812875181,8.27985924239288,5.795901469675016,7.865866280273236,4.346926102256262,6.416890912854482,7.865866280273236,8.486855723452702,3.311943696957152,9.935831090871455,3.932933140136618,6.623887393914304,5.795901469675016,4.13992962119644,3.518940178016974,2.897950734837508,4.346926102256262,6.830883874974125,6.416890912854482,3.10494721589733,6.20989443179466,6.0028979507348375,2.6909542537776856,6.830883874974125,5.381908507555371,4.553922583316084,5.17491202649555,3.932933140136618,4.346926102256262,2.897950734837508,2.276961291658042,3.311943696957152,3.518940178016974,3.10494721589733,4.967915545435727,4.346926102256262,2.4839577727178637,4.760919064375905,2.276961291658042,4.760919064375905,4.13992962119644,1.2419788863589318,4.13992962119644,2.276961291658042,1.03498240529911,2.6909542537776856,4.13992962119644,4.760919064375905,4.760919064375905,2.6909542537776856,3.311943696957152,3.10494721589733,2.4839577727178637,5.381908507555371,1.8629683295383979,3.932933140136618,2.4839577727178637,2.4839577727178637,1.8629683295383979,3.7259366590767957,3.7259366590767957,2.06996481059822,2.4839577727178637,2.4839577727178637,3.311943696957152,3.10494721589733,3.7259366590767957,1.448975367418754,2.897950734837508,3.10494721589733,3.7259366590767957,1.2419788863589318,2.276961291658042,1.448975367418754,1.655971848478576,3.7259366590767957,3.932933140136618,2.6909542537776856,1.2419788863589318,2.4839577727178637,2.4839577727178637,2.06996481059822
gallic_5,282.17697335344394,69.38159879336351,213.80090497737555,64.85671191553546,90.3720462543992,49.52237305178481,6.6616390145801905,46.128707893413775,64.22825540472599,61.4630467571644,32.42835595776773,18.97938662644545,18.47662141779789,19.607843137254903,16.968325791855204,23.504273504273502,17.973856209150327,20.990447461035696,17.219708396178987,12.82051282051282,5.279034690799397,11.437908496732025,12.443438914027148,13.951734539969834,8.798391151332329,7.918552036199094,12.69482151835093,10.558069381598793,3.519356460532931,5.781799899446958,5.027652086475617,7.038712921065862,6.033182503770739,2.7652086475615887,5.027652086475617,5.656108597285067,4.776269482151836,1.885369532428356,3.14228255404726,2.7652086475615887,0,2.890899949723479,2.0110608345902463,1.5082956259426847,5.781799899446958,2.0110608345902463,5.4047259929612865,2.388134741075918,0.1256913021618904,0.8798391151332328,0.2513826043237808,1.7596782302664655,1.5082956259426847,1.5082956259426847,4.022121669180493,1.885369532428356,1.1312217194570138,5.656108597285067,2.5138260432378083,2.890899949723479,1.7596782302664655,0.8798391151332328,1.2569130216189042,24.509803921568626,19.984917043740573,20.864756158873806,22.75012569130216,10.432378079436903,14.957264957264957,9.175465057818,13.323278029160381,11.312217194570135,9.30115635997989,11.437908496732025,10.055304172951233,9.678230266465562,8.924082453494218,8.672699849170439,8.798391151332329,9.552538964303672,6.913021618903971,6.913021618903971,7.7928607340372045,7.667169431875314,9.678230266465562,4.273504273504274,6.41025641025641,6.033182503770739,4.650578179989945,4.776269482151836,5.781799899446958,6.28456510809452,6.6616390145801905,7.290095525389643,4.524886877828055,6.5359477124183005,5.027652086475617,5.279034690799397,5.027652086475617,5.4047259929612865,7.667169431875314,6.6616390145801905,4.399195575666164,2.5138260432378083,4.650578179989945,5.656108597285067,4.524886877828055,2.890899949723479,5.153343388637507,4.524886877828055,4.1478129713423835,2.7652086475615887,5.153343388637507,3.0165912518853695,2.0110608345902463,4.524886877828055,4.399195575666164,2.388134741075918,3.3936651583710407,2.890899949723479,5.279034690799397,6.033182503770739,2.388134741075918,4.776269482151836,3.14228255404726,2.136752136752137,3.2679738562091503,2.7652086475615887,3.770739064856712,3.8964303670186022,2.5138260432378083,2.2624434389140275,3.519356460532931,2.388134741075918,5.4047259929612865,2.5138260432378083,2.7652086475615887,1.885369532428356,3.3936651583710407,2.136752136752137,4.650578179989945,1.3826043237807943,2.388134741075918,3.14228255404726,2.0110608345902463,4.1478129713423835,2.136752136752137,2.890899949723479,1.5082956259426847,3.3936651583710407,1.885369532428356,3.6450477626948214,1.885369532428356,2.5138260432378083,1.1312217194570138,2.6395173453996983,4.524886877828055,3.3936651583710407,2.7652086475615887,3.0165912518853695,2.7652086475615887,1.6339869281045751,2.5138260432378083
gallic_6,286.1747243426633,68.87192536047499,206.27650551314676,67.68447837150127,85.15691263782867,49.36386768447837,6.106870229007633,44.783715012722645,69.38083121289228,60.390161153519934,33.24851569126378,22.561492790500424,22.561492790500424,23.57930449533503,15.097540288379983,26.293469041560645,16.963528413910094,22.22222222222222,13.570822731128075,16.28498727735369,7.12468193384224,8.651399491094146,12.213740458015266,15.606446140797287,9.160305343511451,8.481764206955047,10.517387616624259,8.651399491094146,2.883799830364716,4.919423240033927,5.597964376590331,6.106870229007633,4.919423240033927,3.0534351145038165,4.071246819338422,2.7141645462256148,5.089058524173028,1.8659881255301103,3.223070398642918,3.9016115351993217,0.16963528413910092,6.106870229007633,6.785411365564038,1.3570822731128074,6.446140797285836,2.544529262086514,3.7319762510602206,4.071246819338422,0.5089058524173028,2.2052586938083123,0,2.883799830364716,3.0534351145038165,3.0534351145038165,1.6963528413910094,1.5267175572519083,2.2052586938083123,4.749787955894826,0.33927056827820185,4.410517387616625,2.035623409669211,1.0178117048346056,1.1874469889737065,22.05258693808312,17.6420695504665,20.016963528413907,20.18659881255301,11.02629346904156,14.079728583545377,12.383375742154367,13.570822731128075,9.669211195928753,12.383375742154367,8.312128922815946,10.008481764206953,10.68702290076336,7.633587786259541,6.785411365564038,11.704834605597965,7.463952502120441,6.106870229007633,6.446140797285836,8.651399491094146,7.803223070398643,8.481764206955047,5.767599660729432,6.785411365564038,6.446140797285836,7.972858354537744,5.597964376590331,5.597964376590331,5.089058524173028,6.785411365564038,6.446140797285836,4.580152671755726,6.276505513146734,4.410517387616625,4.071246819338422,6.106870229007633,6.106870229007633,4.410517387616625,6.276505513146734,4.071246819338422,3.9016115351993217,4.410517387616625,4.580152671755726,4.580152671755726,3.56234096692112,4.580152671755726,4.2408821034775235,2.883799830364716,3.0534351145038165,7.803223070398643,3.392705682782019,4.749787955894826,3.56234096692112,2.883799830364716,2.544529262086514,2.7141645462256148,1.6963528413910094,3.56234096692112,4.580152671755726,2.035623409669211,3.392705682782019,3.0534351145038165,1.6963528413910094,3.392705682782019,2.883799830364716,4.2408821034775235,6.6157760814249365,2.883799830364716,2.883799830364716,2.374893977947413,2.544529262086514,5.089058524173028,3.56234096692112,1.0178117048346056,3.0534351145038165,4.2408821034775235,2.374893977947413,3.0534351145038165,2.2052586938083123,4.580152671755726,2.7141645462256148,2.7141645462256148,2.2052586938083123,2.883799830364716,2.544529262086514,1.0178117048346056,2.2052586938083123,1.5267175572519083,3.392705682782019,1.1874469889737065,3.9016115351993217,1.8659881255301103,1.3570822731128074,2.7141645462256148,3.0534351145038165,2.374893977947413,3.0534351145038165,2.2052586938083123,2.7141645462256148,2.374893977947413
gallic_7,300.8110300081103,67.72100567721006,222.54663422546633,63.50364963503649,78.26439578264396,52.473641524736415,8.110300081103,43.876723438767236,55.87996755879968,56.52879156528792,35.60421735604218,14.679643146796431,14.517437145174371,23.600973236009732,17.11273317112733,18.896999188969993,12.814274128142742,15.409570154095702,14.355231143552311,12.408759124087592,5.920519059205191,11.678832116788321,10.462287104622872,12.489862124898622,8.51581508515815,7.866991078669911,11.841038118410381,10.624493106244932,2.75750202757502,6.163828061638281,5.028386050283861,3.8929440389294405,4.785077047850771,1.6220600162206003,5.6772100567721004,3.81184103811841,4.622871046228711,1.2165450121654502,4.785077047850771,3.40632603406326,0.64882400648824,2.67639902676399,2.4330900243309004,1.70316301703163,6.326034063260341,2.2708840227088403,5.27169505271695,5.028386050283861,0.32441200324412,0.8921330089213301,0,2.67639902676399,2.5141930251419304,1.1354420113544201,3.1630170316301705,1.8653690186536902,1.7842660178426601,5.51500405515004,1.7842660178426601,2.8386050283860502,2.9197080291970803,0.8921330089213301,2.2708840227088403,28.061638280616386,23.276561232765612,25.141930251419303,21.97891321978913,13.38199513381995,16.62611516626115,8.921330089213301,13.706407137064073,13.05758313057583,12.814274128142742,12.976480129764802,11.922141119221411,11.03000811030008,9.164639091646391,7.785888077858881,7.461476074614761,10.786699107866992,8.5969180859691825,6.001622060016221,9.65125709651257,6.89375506893755,9.97566909975669,5.27169505271695,9.164639091646391,6.9748580697485805,6.244931062449311,5.35279805352798,5.7583130575831305,6.326034063260341,5.43390105433901,7.137064071370641,4.622871046228711,6.73154906731549,5.6772100567721004,3.4874290348742902,5.51500405515004,6.082725060827251,7.299270072992701,6.569343065693431,5.51500405515004,2.75750202757502,5.35279805352798,4.4606650446066505,4.21735604217356,3.40632603406326,6.650446066504461,3.97404703974047,3.4874290348742902,2.8386050283860502,4.21735604217356,3.97404703974047,4.13625304136253,3.3252230332522306,2.75750202757502,2.18978102189781,2.5141930251419304,3.1630170316301705,3.5685320356853203,3.0008110300081103,2.18978102189781,5.35279805352798,2.2708840227088403,1.37875101378751,3.1630170316301705,2.18978102189781,5.028386050283861,5.19059205190592,3.0819140308191404,3.1630170316301705,3.0819140308191404,2.10867802108678,3.97404703974047,4.37956204379562,1.7842660178426601,3.0008110300081103,3.0819140308191404,2.02757502027575,2.3519870235198703,1.7842660178426601,1.7842660178426601,3.1630170316301705,2.75750202757502,3.97404703974047,2.9197080291970803,1.8653690186536902,2.10867802108678,2.67639902676399,2.67639902676399,2.4330900243309004,1.6220600162206003,3.2441200324412005,2.02757502027575,1.8653690186536902,1.8653690186536902,2.18978102189781,2.59529602595296,2.3519870235198703,2.2708840227088403,1.6220600162206003,3.2441200324412005
gallic_8,296.92931633835457,74.44959443800695,221.17612977983777,59.09617612977984,71.98725376593279,42.584009269988414,9.269988412514484,62.572421784472766,50.984936268829664,54.606025492468135,38.238702201622246,18.10544611819235,17.960602549246815,25.92699884125145,10.573580533024334,24.044032444959445,10.139049826187717,17.670915411355736,11.877172653534183,4.634994206257242,6.373117033603708,6.952491309385863,8.69061413673233,8.400926998841252,5.648899188876014,5.793742757821553,9.849362688296639,6.662804171494786,2.1726535341830826,7.676709154113557,5.069524913093859,6.952491309385863,12.3117033603708,2.4623406720741596,6.373117033603708,6.08342989571263,1.3035921205098493,1.0139049826187716,5.069524913093859,2.4623406720741596,0.8690614136732329,2.8968713789107765,4.345307068366165,2.4623406720741596,8.111239860950173,0.5793742757821553,2.4623406720741596,4.055619930475086,2.7520278099652375,1.3035921205098493,0,1.7381228273464657,2.7520278099652375,1.8829663962920047,3.621089223638471,3.186558516801854,0.28968713789107764,4.200463499420626,4.055619930475086,1.8829663962920047,3.041714947856315,0.7242178447276941,1.4484356894553883,26.940903823870222,25.057937427578214,16.801853997682503,16.946697566628043,13.760139049826188,10.139049826187717,9.704519119351101,9.125144843568945,14.629200463499421,15.063731170336037,9.559675550405561,10.139049826187717,5.069524913093859,11.297798377752027,9.414831981460022,7.531865585168019,8.980301274623407,7.531865585168019,9.414831981460022,9.414831981460022,6.807647740440324,8.111239860950173,6.373117033603708,6.662804171494786,9.414831981460022,4.345307068366165,4.200463499420626,6.08342989571263,5.069524913093859,6.807647740440324,6.373117033603708,5.9385863267670915,6.952491309385863,5.793742757821553,4.490150637311704,2.8968713789107765,3.7659327925840094,4.924681344148319,5.069524913093859,3.910776361529548,3.331402085747393,3.186558516801854,3.7659327925840094,3.7659327925840094,4.345307068366165,6.08342989571263,2.8968713789107765,4.634994206257242,3.331402085747393,4.345307068366165,4.779837775202781,3.331402085747393,3.331402085747393,3.041714947856315,5.504055619930475,4.490150637311704,4.490150637311704,2.4623406720741596,3.4762456546929315,4.924681344148319,2.6071842410196986,4.490150637311704,2.027809965237543,3.331402085747393,3.4762456546929315,3.7659327925840094,2.1726535341830826,3.621089223638471,2.6071842410196986,2.6071842410196986,3.186558516801854,3.331402085747393,4.634994206257242,3.186558516801854,2.7520278099652375,4.634994206257242,3.041714947856315,1.7381228273464657,2.1726535341830826,2.317497103128621,2.6071842410196986,3.7659327925840094,3.186558516801854,3.4762456546929315,2.6071842410196986,2.027809965237543,3.041714947856315,2.7520278099652375,2.1726535341830826,1.4484356894553883,3.4762456546929315,1.3035921205098493,3.4762456546929315,1.7381228273464657,1.593279258400927,1.1587485515643106,2.317497103128621,1.1587485515643106,2.1726535341830826,1.593279258400927
iugurthine_1,282.66608007039156,73.82314122305324,197.8002639683238,67.5318961724593,65.6841179058513,52.26572811262648,4.135503739551254,69.64364276286845,70.78750549934009,53.189617245930485,36.91157061152662,25.56093268807743,24.98900131984162,18.47778266608007,23.58117025956885,16.014078310602727,12.890453145622526,12.098548174219093,6.379234491860976,3.607567091948966,3.827540695116586,7.523097228332601,7.611086669599648,11.218653761548614,8.18301803783546,1.935767707875055,9.810822701275846,6.907171139463264,6.731192256929169,1.847778266608007,7.96304443466784,6.115266168059833,1.2318521777386713,5.543334799824021,4.97140343158821,5.543334799824021,2.727672679278487,2.023757149142103,3.6515618125824902,2.7716673999120105,4.311482622085349,3.739551253849538,6.027276726792785,5.763308402991641,4.575450945886494,1.3198416190057192,1.935767707875055,3.695556533216014,0.08798944126704795,1.0998680158380993,0.7919049714034316,1.935767707875055,1.9797624285085789,2.8596568411790586,2.7716673999120105,1.451825780906291,7.611086669599648,2.9476462824461063,2.375714914210295,0.6599208095028596,2.375714914210295,0.48394192696876376,4.135503739551254,20.985481742190938,16.014078310602727,15.618125824901012,13.858336999560054,14.122305323361196,12.626484821821382,14.474263088429389,10.382754069511657,10.426748790145183,10.558732952045753,7.96304443466784,8.227012758468984,8.930928288605369,8.798944126704795,8.446986361636604,8.446986361636604,6.071271447426309,6.203255609326881,11.17465904091509,8.358996920369556,6.511218653761548,5.675318961724592,6.819181698196217,5.499340079190497,6.5992080950285965,7.787065552133744,5.8952925648922125,4.443466783985921,5.9392872855257375,4.839419269687638,4.883413990321161,6.467223933128024,4.399472063352397,4.707435107787065,4.267487901451826,2.9476462824461063,3.1676198856137265,4.267487901451826,3.87153541575011,4.047514298284206,4.927408710954685,4.839419269687638,4.97140343158821,4.003519577650682,3.915530136383634,3.827540695116586,2.9476462824461063,3.387593488781346,4.399472063352397,2.1997360316761987,4.179498460184778,4.135503739551254,2.023757149142103,3.695556533216014,3.9595248570171577,4.267487901451826,4.443466783985921,3.0356357237131544,2.419709634843819,6.027276726792785,2.067751869775627,2.8596568411790586,3.87153541575011,3.0796304443466784,2.1997360316761987,3.783545974483062,2.683677958644963,2.727672679278487,2.8156621205455346,2.331720193576771,3.563572371315442,3.2996040475142983,3.387593488781346,2.243730752309723,2.023757149142103,2.375714914210295,3.43158820941487,1.847778266608007,3.1676198856137265,3.0796304443466784,2.903651561812582,1.7597888253409593,2.8156621205455346,2.683677958644963,1.6717993840739112,1.4958205015398152,1.9797624285085789,4.179498460184778,2.6396832380114383,1.627804663440387,2.4637043554773426,3.0356357237131544,3.0356357237131544,1.7597888253409593,1.935767707875055,2.9476462824461063,2.067751869775627,3.2116146062472506,2.6396832380114383,1.715794104707435
ligario_1,195.23944460187022,49.02238594502692,185.60498724851232,98.61150467554549,70.27486540096345,64.60753754604703,6.8007934258996885,81.04278832530463,42.78832530461887,98.32813828279966,64.0408047605554,43.63842448285634,43.63842448285634,27.486540096344577,10.767922924341175,21.81921224142817,13.884953244545196,3.6837631056956646,9.634457353357892,20.402380277699066,17.568716350240862,7.367526211391329,4.533862283933126,5.100595069424767,4.250495891187305,11.051289317086992,6.517427033153868,2.266931141966563,6.8007934258996885,6.234060640408047,5.383961462170587,8.21762538962879,8.21762538962879,8.21762538962879,2.5502975347123833,5.950694247662227,7.65089260413715,6.234060640408047,5.667327854916406,10.484556531595354,9.067724567866252,3.1170303202040235,3.1170303202040235,8.50099178237461,0.5667327854916407,7.65089260413715,3.4003967129498442,5.950694247662227,5.100595069424767,6.517427033153868,22.952677812411448,5.667327854916406,3.6837631056956646,3.6837631056956646,0.8500991782374611,4.250495891187305,5.100595069424767,1.4168319637291016,3.4003967129498442,7.367526211391329,0.8500991782374611,1.9835647492207424,2.266931141966563,10.767922924341175,7.084159818645508,7.93425899688297,7.367526211391329,6.8007934258996885,3.4003967129498442,5.100595069424767,3.4003967129498442,7.367526211391329,4.817228676678946,10.484556531595354,3.967129498441485,4.533862283933126,7.084159818645508,3.6837631056956646,3.1170303202040235,3.1170303202040235,3.4003967129498442,5.383961462170587,3.967129498441485,7.084159818645508,5.100595069424767,1.7001983564749221,6.8007934258996885,5.667327854916406,0.2833663927458204,2.266931141966563,4.250495891187305,5.667327854916406,5.383961462170587,4.250495891187305,3.1170303202040235,2.5502975347123833,6.234060640408047,1.7001983564749221,3.6837631056956646,1.7001983564749221,1.4168319637291016,1.9835647492207424,3.4003967129498442,3.6837631056956646,2.5502975347123833,1.9835647492207424,1.7001983564749221,4.533862283933126,2.833663927458203,3.6837631056956646,4.250495891187305,3.4003967129498442,1.7001983564749221,1.7001983564749221,1.4168319637291016,6.517427033153868,2.5502975347123833,2.833663927458203,3.4003967129498442,1.9835647492207424,0.5667327854916407,4.533862283933126,3.1170303202040235,4.250495891187305,3.4003967129498442,2.5502975347123833,1.7001983564749221,3.1170303202040235,1.9835647492207424,3.1170303202040235,2.833663927458203,1.4168319637291016,3.967129498441485,3.4003967129498442,3.1170303202040235,0.8500991782374611,5.100595069424767,2.833663927458203,4.817228676678946,1.4168319637291016,5.950694247662227,1.9835647492207424,1.7001983564749221,1.9835647492207424,1.4168319637291016,1.9835647492207424,1.7001983564749221,4.817228676678946,3.1170303202040235,1.7001983564749221,1.1334655709832815,0.5667327854916407,2.5502975347123833,1.1334655709832815,1.7001983564749221,0.8500991782374611,4.250495891187305,0.8500991782374611,1.1334655709832815,1.7001983564749221,1.1334655709832815,1.9835647492207424,4.250495891187305
marcello_1,217.10974778459442,66.80299931833675,162.23585548738922,105.6578050443081,52.14723926380368,43.28561690524881,4.430811179277438,105.31697341513292,74.30129516019086,78.39127471029312,44.648943421949554,45.67143830947512,45.67143830947512,29.993183367416496,27.94819359236537,17.041581458759374,9.202453987730062,10.565780504430812,5.112474437627812,12.951601908657123,15.678254942058624,5.453306066802999,2.3858214042263124,4.771642808452625,13.6332651670075,9.884117246080438,14.314928425357873,3.067484662576687,6.81663258350375,6.134969325153374,5.794137695978187,4.771642808452625,6.81663258350375,11.588275391956374,4.08997955010225,1.7041581458759374,6.4758009543285615,4.771642808452625,5.794137695978187,5.453306066802999,7.157464212678937,2.3858214042263124,5.453306066802999,4.430811179277438,0.6816632583503749,3.749147920927062,1.3633265167007498,2.7266530334014996,8.1799591002045,9.884117246080438,14.314928425357873,4.771642808452625,4.08997955010225,3.067484662576687,0.6816632583503749,4.430811179277438,2.7266530334014996,1.0224948875255624,3.408316291751875,1.0224948875255624,1.0224948875255624,6.81663258350375,2.7266530334014996,9.202453987730062,5.112474437627812,7.498295841854124,4.771642808452625,9.202453987730062,2.3858214042263124,15.337423312883436,4.08997955010225,4.08997955010225,2.7266530334014996,8.861622358554875,6.4758009543285615,5.794137695978187,3.408316291751875,6.134969325153374,8.520790729379687,6.134969325153374,6.81663258350375,5.794137695978187,3.067484662576687,8.1799591002045,6.4758009543285615,4.430811179277438,3.749147920927062,3.408316291751875,7.498295841854124,4.771642808452625,4.08997955010225,4.430811179277438,6.4758009543285615,4.771642808452625,5.453306066802999,2.7266530334014996,6.4758009543285615,2.7266530334014996,1.3633265167007498,3.067484662576687,1.3633265167007498,0.6816632583503749,2.7266530334014996,3.408316291751875,3.067484662576687,4.08997955010225,3.067484662576687,3.408316291751875,0.6816632583503749,4.430811179277438,2.7266530334014996,2.7266530334014996,1.3633265167007498,2.044989775051125,2.044989775051125,2.7266530334014996,4.08997955010225,4.430811179277438,3.408316291751875,3.749147920927062,1.7041581458759374,1.0224948875255624,3.067484662576687,2.044989775051125,1.7041581458759374,3.749147920927062,0.6816632583503749,2.044989775051125,1.7041581458759374,2.7266530334014996,1.0224948875255624,3.408316291751875,2.3858214042263124,4.430811179277438,2.3858214042263124,0.6816632583503749,2.7266530334014996,1.7041581458759374,2.3858214042263124,3.067484662576687,1.0224948875255624,3.408316291751875,3.067484662576687,4.08997955010225,1.0224948875255624,1.3633265167007498,2.3858214042263124,2.3858214042263124,5.112474437627812,1.7041581458759374,1.0224948875255624,1.0224948875255624,4.08997955010225,1.3633265167007498,2.3858214042263124,2.3858214042263124,2.044989775051125,0.6816632583503749,1.3633265167007498,0.6816632583503749,2.3858214042263124,3.408316291751875,2.7266530334014996
philippics_1,210.31647146772988,70.76999750809867,199.60129578868677,70.5208073760279,60.30401196112634,61.549962621480184,1.99352105656616,87.9641166209818,47.59531522551707,101.91876401694492,51.83154747072016,35.634188886120114,35.634188886120114,38.87366060304012,16.695738848741588,18.19087964116621,19.68602043359083,7.4757039621231005,6.72813356591079,9.46922501868926,16.94492898081236,7.226513830052331,2.9902815848492397,4.73461250934463,12.95788686768004,11.961126339396959,4.73461250934463,2.9902815848492397,9.9676052828308,6.97732369798156,3.7378519810615503,3.98704211313232,3.98704211313232,7.4757039621231005,1.99352105656616,3.48866184899078,8.97084475454772,7.4757039621231005,5.23299277348617,6.97732369798156,11.21355594318465,3.98704211313232,2.9902815848492397,5.23299277348617,1.24595066035385,8.721654622476951,1.99352105656616,6.72813356591079,6.72813356591079,5.23299277348617,6.72813356591079,4.9838026414154,2.24271118863693,2.9902815848492397,1.24595066035385,3.23947171692001,1.4951407924246198,0,2.9902815848492397,2.4919013207077,1.24595066035385,4.48542237727386,0.24919013207077,13.705457263892349,7.72489409419387,12.21031647146773,6.97732369798156,9.71841515076003,4.48542237727386,6.229753301769249,5.4821829055569395,7.72489409419387,7.97408422626464,7.4757039621231005,4.48542237727386,3.23947171692001,8.22327435833541,5.23299277348617,2.9902815848492397,5.23299277348617,7.72489409419387,4.48542237727386,5.4821829055569395,3.7378519810615503,2.9902815848492397,9.9676052828308,5.7313730376277094,4.9838026414154,3.7378519810615503,6.72813356591079,5.7313730376277094,4.48542237727386,3.7378519810615503,2.24271118863693,2.4919013207077,1.99352105656616,2.7410914527784698,7.4757039621231005,4.23623224520309,2.24271118863693,0.99676052828308,1.4951407924246198,4.9838026414154,5.7313730376277094,2.24271118863693,2.4919013207077,3.98704211313232,5.7313730376277094,2.24271118863693,7.97408422626464,5.23299277348617,4.23623224520309,1.4951407924246198,3.98704211313232,2.4919013207077,5.23299277348617,1.99352105656616,2.9902815848492397,3.98704211313232,4.23623224520309,4.23623224520309,2.7410914527784698,2.9902815848492397,3.23947171692001,2.9902815848492397,4.73461250934463,1.24595066035385,2.4919013207077,1.24595066035385,2.24271118863693,3.7378519810615503,2.9902815848492397,3.98704211313232,2.24271118863693,2.4919013207077,3.48866184899078,4.9838026414154,3.98704211313232,2.9902815848492397,1.99352105656616,2.9902815848492397,2.7410914527784698,1.24595066035385,0.99676052828308,2.9902815848492397,2.7410914527784698,2.7410914527784698,4.23623224520309,5.7313730376277094,0.7475703962123099,1.99352105656616,2.24271118863693,3.98704211313232,1.4951407924246198,1.4951407924246198,1.24595066035385,1.99352105656616,1.99352105656616,3.23947171692001,1.24595066035385,2.4919013207077,2.7410914527784698,3.48866184899078
philippics_10,246.8633435062733,82.06171583587657,188.53848762292301,69.85418786029163,62.73312987453374,56.29026788741946,6.103763987792472,67.480501865039,54.25567989148864,87.48728382502543,45.77822990844354,32.55340793489318,32.55340793489318,35.60528992878942,23.73685995252628,12.546625974906748,20.684977958630043,12.546625974906748,9.833841980332316,10.512037978975926,12.207527975584943,8.4774499830451,4.747371990505256,4.0691759918616475,13.224821973550355,8.4774499830451,9.494743981010512,3.051881993896236,5.764665988470668,5.425567989148864,3.051881993896236,7.799253984401492,4.747371990505256,3.39097999321804,5.0864699898270604,3.39097999321804,4.747371990505256,4.408273991183452,5.764665988470668,5.764665988470668,3.051881993896236,3.39097999321804,4.747371990505256,5.0864699898270604,0,8.4774499830451,2.0345879959308237,5.764665988470668,6.78195998643608,1.69548999660902,5.425567989148864,6.78195998643608,2.712783994574432,1.356391997287216,2.0345879959308237,3.39097999321804,1.0172939979654119,0.339097999321804,1.69548999660902,3.051881993896236,1.356391997287216,4.747371990505256,1.69548999660902,16.615801966768398,7.460155985079688,14.581213970837572,6.442861987114276,13.224821973550355,7.121057985757885,9.494743981010512,11.190233977619531,5.425567989148864,6.103763987792472,5.0864699898270604,8.138351983723295,2.712783994574432,6.442861987114276,10.172939979654121,5.764665988470668,7.121057985757885,7.460155985079688,5.0864699898270604,6.442861987114276,7.121057985757885,4.0691759918616475,10.851135978297728,5.425567989148864,4.408273991183452,4.747371990505256,8.138351983723295,6.103763987792472,7.121057985757885,4.0691759918616475,3.39097999321804,2.373685995252628,3.730077992539844,4.0691759918616475,6.103763987792472,4.0691759918616475,4.0691759918616475,2.712783994574432,4.0691759918616475,4.0691759918616475,3.39097999321804,1.69548999660902,0.678195998643608,4.408273991183452,4.408273991183452,2.712783994574432,7.799253984401492,3.730077992539844,1.69548999660902,3.39097999321804,4.747371990505256,2.712783994574432,2.373685995252628,3.730077992539844,3.051881993896236,3.051881993896236,1.356391997287216,2.712783994574432,2.373685995252628,2.712783994574432,3.051881993896236,2.0345879959308237,4.747371990505256,3.39097999321804,1.356391997287216,2.373685995252628,4.408273991183452,3.39097999321804,5.0864699898270604,4.408273991183452,2.373685995252628,3.730077992539844,4.408273991183452,6.442861987114276,3.730077992539844,3.39097999321804,2.0345879959308237,3.39097999321804,1.69548999660902,2.712783994574432,2.712783994574432,3.39097999321804,2.712783994574432,3.051881993896236,2.712783994574432,4.0691759918616475,3.39097999321804,2.373685995252628,2.0345879959308237,3.051881993896236,2.0345879959308237,1.356391997287216,4.0691759918616475,1.356391997287216,1.356391997287216,2.0345879959308237,1.69548999660902,1.356391997287216,4.0691759918616475,2.0345879959308237
philippics_11,258.81032547699215,74.07407407407408,183.83838383838383,57.01459034792368,55.89225589225589,63.74859708193041,8.080808080808081,76.31874298540966,49.831649831649834,83.72615039281706,53.647586980920316,35.01683501683502,35.01683501683502,32.323232323232325,18.40628507295174,17.732884399551068,17.059483726150393,9.427609427609427,6.0606060606060606,9.652076318742985,11.896745230078563,8.305274971941637,6.0606060606060606,6.0606060606060606,8.080808080808081,8.080808080808081,4.489337822671156,3.3670033670033668,6.7340067340067336,6.0606060606060606,4.040404040404041,2.244668911335578,7.407407407407407,5.3872053872053876,4.040404040404041,2.244668911335578,6.509539842873177,5.16273849607183,3.142536475869809,6.7340067340067336,4.938271604938271,5.611672278338944,4.264870931537598,6.285072951739618,0.2244668911335578,9.20314253647587,1.5712682379349046,4.938271604938271,6.285072951739618,3.8159371492704826,2.6936026936026938,4.489337822671156,1.7957351290684624,2.0202020202020203,2.9180695847362514,3.591470258136925,2.4691358024691357,1.3468013468013469,3.3670033670033668,1.3468013468013469,1.5712682379349046,4.938271604938271,4.264870931537598,15.712682379349047,15.26374859708193,13.468013468013467,10.32547699214366,15.712682379349047,9.20314253647587,9.20314253647587,10.101010101010102,8.754208754208754,6.958473625140292,6.285072951739618,7.631874298540965,3.8159371492704826,6.7340067340067336,7.631874298540965,7.407407407407407,6.0606060606060606,7.631874298540965,6.0606060606060606,7.407407407407407,6.285072951739618,2.9180695847362514,5.836139169472503,6.958473625140292,4.489337822671156,4.489337822671156,5.611672278338944,5.836139169472503,3.8159371492704826,3.591470258136925,2.4691358024691357,3.3670033670033668,3.591470258136925,3.142536475869809,4.489337822671156,3.3670033670033668,2.0202020202020203,4.040404040404041,3.3670033670033668,3.142536475869809,4.489337822671156,2.0202020202020203,3.8159371492704826,2.9180695847362514,3.591470258136925,2.6936026936026938,4.938271604938271,3.3670033670033668,2.9180695847362514,3.3670033670033668,4.489337822671156,6.0606060606060606,5.611672278338944,1.7957351290684624,1.7957351290684624,2.9180695847362514,3.591470258136925,2.244668911335578,2.6936026936026938,1.7957351290684624,3.8159371492704826,3.3670033670033668,5.611672278338944,4.489337822671156,5.3872053872053876,1.5712682379349046,1.7957351290684624,4.264870931537598,4.264870931537598,2.6936026936026938,2.0202020202020203,2.0202020202020203,1.5712682379349046,2.9180695847362514,2.9180695847362514,2.0202020202020203,2.6936026936026938,2.244668911335578,2.0202020202020203,2.9180695847362514,3.142536475869809,2.4691358024691357,1.5712682379349046,1.7957351290684624,0.8978675645342312,5.3872053872053876,3.8159371492704826,3.8159371492704826,0.8978675645342312,3.3670033670033668,1.5712682379349046,2.244668911335578,2.6936026936026938,2.244668911335578,1.122334455667789,1.7957351290684624,1.5712682379349046,1.7957351290684624,1.3468013468013469,2.9180695847362514
philippics_12,226.78311499272198,62.882096069869,200.58224163027657,71.90684133915575,57.05967976710335,72.4890829694323,4.949053857350801,86.75400291120815,44.832605531295485,78.89374090247453,55.02183406113537,37.84570596797671,37.84570596797671,22.707423580786028,15.138282387190683,15.429403202328967,11.935953420669579,5.240174672489083,7.278020378457059,14.264919941775837,17.758369723435223,8.151382823871907,4.366812227074235,4.366812227074235,8.151382823871907,9.606986899563319,5.240174672489083,2.3289665211062593,7.569141193595342,9.898107714701602,6.11353711790393,5.240174672489083,6.695778748180495,8.442503639010189,1.7467248908296944,4.075691411935954,5.531295487627365,6.404657933042213,2.6200873362445414,11.06259097525473,16.302765647743815,1.455604075691412,3.493449781659389,2.037845705967977,0.5822416302765648,11.06259097525473,3.2023289665211063,6.986899563318778,5.822416302765648,5.822416302765648,2.037845705967977,4.366812227074235,2.911208151382824,2.6200873362445414,1.1644832605531297,3.493449781659389,1.7467248908296944,0.2911208151382824,4.366812227074235,1.1644832605531297,1.455604075691412,4.366812227074235,3.2023289665211063,13.682678311499274,11.644832605531295,13.39155749636099,6.11353711790393,13.100436681222707,5.822416302765648,7.860262008733625,6.986899563318778,9.606986899563319,7.569141193595342,9.606986899563319,4.657933042212519,2.3289665211062593,7.860262008733625,6.695778748180495,4.657933042212519,4.657933042212519,8.151382823871907,3.784570596797671,8.442503639010189,4.366812227074235,3.784570596797671,6.404657933042213,5.822416302765648,3.784570596797671,2.6200873362445414,5.240174672489083,4.366812227074235,9.898107714701602,3.784570596797671,4.075691411935954,3.2023289665211063,2.6200873362445414,6.11353711790393,4.366812227074235,3.784570596797671,1.1644832605531297,2.3289665211062593,2.911208151382824,5.240174672489083,5.240174672489083,0.8733624454148472,0.8733624454148472,2.6200873362445414,4.949053857350801,0.8733624454148472,4.949053857350801,4.075691411935954,6.986899563318778,1.7467248908296944,5.531295487627365,3.784570596797671,4.949053857350801,2.6200873362445414,2.3289665211062593,3.784570596797671,1.7467248908296944,0.8733624454148472,2.911208151382824,2.3289665211062593,4.366812227074235,3.2023289665211063,2.911208151382824,3.493449781659389,4.366812227074235,3.493449781659389,4.075691411935954,4.366812227074235,2.037845705967977,4.075691411935954,2.3289665211062593,1.7467248908296944,3.493449781659389,5.240174672489083,2.3289665211062593,3.493449781659389,2.6200873362445414,4.075691411935954,2.037845705967977,2.6200873362445414,1.7467248908296944,2.6200873362445414,1.1644832605531297,3.784570596797671,3.2023289665211063,3.493449781659389,2.911208151382824,3.784570596797671,0.2911208151382824,3.784570596797671,1.7467248908296944,2.6200873362445414,0.8733624454148472,4.075691411935954,0.5822416302765648,1.1644832605531297,0.8733624454148472,1.7467248908296944,2.037845705967977,1.7467248908296944
philippics_13,250.8250825082508,78.1657113079729,199.75681778704185,66.52770540211917,51.06826472120896,66.006600660066,5.037345839847143,70.87024491922877,54.54229633489665,77.12350182386659,51.06826472120896,29.008163974292167,28.6607608129234,24.839326037866943,16.5016501650165,13.201320132013201,15.285739100225811,10.943199583116208,5.037345839847143,13.375021712697587,13.375021712697587,6.079555323953448,4.689942678478374,2.952926871634532,9.206183776272363,6.774361646690985,5.558450581900296,2.952926871634532,8.163974292166058,9.727288518325517,7.2954663887441376,7.121764808059754,3.4740316136876848,6.079555323953448,4.342539517109605,4.689942678478374,4.168837936425221,2.952926871634532,5.732152162584679,10.24839326037867,5.732152162584679,2.258120548896995,6.079555323953448,6.426958485322216,1.0422094841063052,7.469167969428521,3.6477331943720688,6.600660066006601,4.689942678478374,3.6477331943720688,7.469167969428521,5.211047420531527,2.0844189682126104,2.258120548896995,1.389612645475074,3.3003300330033003,1.9107173875282264,1.7370158068438424,2.6055237102657633,1.563314226159458,0.3474031613687685,3.4740316136876848,1.389612645475074,18.238665971860343,13.722424874066354,14.069828035435123,6.079555323953448,18.238665971860343,7.2954663887441376,9.553586937641132,6.9480632273753695,9.900990099009901,11.116901163800591,6.600660066006601,9.727288518325517,5.211047420531527,6.426958485322216,9.206183776272363,7.2954663887441376,7.121764808059754,7.990272711481675,4.168837936425221,7.816571130797291,6.253256904637832,3.126628452318916,7.469167969428521,4.863644259162759,5.384749001215911,4.51624109779399,7.121764808059754,4.51624109779399,7.469167969428521,3.9951363557408377,3.821434775056453,3.9951363557408377,2.0844189682126104,3.4740316136876848,5.732152162584679,2.258120548896995,3.126628452318916,2.952926871634532,3.9951363557408377,3.3003300330033003,3.821434775056453,2.779225290950148,1.9107173875282264,3.6477331943720688,3.9951363557408377,4.342539517109605,4.689942678478374,5.732152162584679,3.821434775056453,2.952926871634532,3.9951363557408377,3.4740316136876848,3.9951363557408377,2.779225290950148,3.3003300330033003,1.389612645475074,3.821434775056453,2.4318221295813793,2.6055237102657633,2.952926871634532,4.863644259162759,2.779225290950148,3.6477331943720688,5.211047420531527,2.258120548896995,2.779225290950148,2.6055237102657633,2.952926871634532,3.3003300330033003,2.952926871634532,3.126628452318916,1.0422094841063052,2.6055237102657633,4.689942678478374,2.0844189682126104,2.779225290950148,3.3003300330033003,1.563314226159458,2.258120548896995,3.3003300330033003,3.3003300330033003,2.952926871634532,1.9107173875282264,2.258120548896995,2.4318221295813793,4.863644259162759,2.258120548896995,1.9107173875282264,1.9107173875282264,3.821434775056453,1.7370158068438424,2.779225290950148,4.51624109779399,1.563314226159458,0.694806322737537,3.3003300330033003,1.389612645475074,2.4318221295813793,3.126628452318916,1.9107173875282264
philippics_14,271.87413745514766,83.35633452939553,174.717085288435,83.08032017664918,60.17112889870273,50.23461219983439,8.83245928788297,70.9356886558101,52.44272702180513,73.14380347778085,42.50621032293679,28.705492685619653,28.705492685619653,30.913607507590395,12.972674579078111,12.144631520839082,18.216947281258626,15.456803753795198,9.660502346121998,16.56086116478057,8.556444935136629,6.90035881865857,2.760143527463428,5.520287054926856,11.592602815346398,8.83245928788297,5.244272702180513,3.3121722329561134,5.520287054926856,4.692243996687828,1.6560861164780567,5.796301407673199,7.176373171404913,6.3483301131658845,4.140215291195142,4.692243996687828,6.072315760419541,2.760143527463428,6.072315760419541,5.520287054926856,8.004416229643942,1.9321004692243997,7.452387524151256,2.484129174717085,1.1040574109853714,4.96825834943417,2.2081148219707427,3.0361578802097706,4.416229643941485,5.244272702180513,1.6560861164780567,2.2081148219707427,4.692243996687828,1.6560861164780567,0.8280430582390284,4.140215291195142,1.6560861164780567,0,0.5520287054926857,1.6560861164780567,2.2081148219707427,3.8642009384487994,1.9321004692243997,16.28484681203423,14.628760695556169,11.592602815346398,8.004416229643942,17.66491857576594,6.624344465912227,11.040574109853711,7.176373171404913,9.93651669886834,7.728401876897599,9.384487993375656,9.660502346121998,5.520287054926856,4.96825834943417,11.592602815346398,7.728401876897599,11.316588462600054,8.004416229643942,5.796301407673199,4.692243996687828,7.728401876897599,6.90035881865857,6.90035881865857,6.624344465912227,4.96825834943417,5.796301407673199,9.660502346121998,4.96825834943417,4.692243996687828,5.796301407673199,5.244272702180513,3.8642009384487994,3.8642009384487994,6.624344465912227,5.244272702180513,3.3121722329561134,4.692243996687828,3.5881865857024566,2.2081148219707427,3.5881865857024566,3.0361578802097706,2.484129174717085,3.3121722329561134,4.416229643941485,3.3121722329561134,4.96825834943417,3.3121722329561134,2.760143527463428,4.692243996687828,2.484129174717085,3.0361578802097706,3.3121722329561134,1.9321004692243997,3.0361578802097706,3.8642009384487994,3.8642009384487994,3.8642009384487994,0.8280430582390284,4.140215291195142,1.1040574109853714,3.0361578802097706,3.0361578802097706,4.416229643941485,2.484129174717085,3.0361578802097706,0.8280430582390284,3.3121722329561134,2.484129174717085,3.8642009384487994,1.9321004692243997,5.244272702180513,2.2081148219707427,1.9321004692243997,2.760143527463428,2.760143527463428,2.760143527463428,1.6560861164780567,2.2081148219707427,1.6560861164780567,2.484129174717085,3.5881865857024566,2.760143527463428,2.2081148219707427,2.760143527463428,2.484129174717085,3.5881865857024566,1.9321004692243997,1.6560861164780567,1.9321004692243997,2.760143527463428,2.760143527463428,1.6560861164780567,3.5881865857024566,2.2081148219707427,1.380071763731714,2.2081148219707427,1.380071763731714,1.380071763731714,3.8642009384487994,1.380071763731714
philippics_2,220.2924307294612,61.87898860974231,189.5952823329833,74.8848856935132,60.50569512884724,69.95718555618386,4.443008320542854,81.67057112852412,40.31020276274336,103.23935697552307,53.477663785443085,39.744728976492446,39.42160109863478,30.61636642701349,12.763551175377657,19.38767267145973,11.309475725018174,5.977865740366751,6.462557557153244,9.693836335729864,16.56030374020519,7.189595282332983,4.443008320542854,2.3426771144680507,10.744001938767267,9.128362549478956,5.493173923580257,2.8273689312545436,11.632603602875838,7.593505129655061,4.443008320542854,5.493173923580257,7.028031343404152,7.8358510380483075,3.0697148396477907,5.3316099846514255,6.139429679295581,8.401324824299216,4.119880442685193,6.3817755876888285,14.783100411988045,2.8273689312545436,2.0195492366103887,4.766136198400517,1.1309475725018177,9.693836335729864,2.9081509007189594,5.170046045722595,5.7355198319735035,4.362226351078439,21.97269569432103,3.715970595363115,1.777203328217142,2.9889328701833753,1.211729541966233,3.231278778576622,2.0195492366103887,0.8078196946441555,3.231278778576622,2.9081509007189594,1.5348574198238953,5.089264076258179,0.888601664108571,11.390257694482592,8.643670732692463,10.582437999838437,7.512723160190645,11.309475725018174,5.816301801437919,4.523790290007271,7.755069068583892,7.351159221261815,6.058647709831166,6.866467404475322,4.846918167864932,4.2814443816140235,5.573955893044673,7.108813312868568,3.4736246869698686,5.170046045722595,7.755069068583892,3.7967525648275307,5.977865740366751,5.654737862509087,2.9081509007189594,6.3817755876888285,5.412391954115841,3.715970595363115,2.3426771144680507,5.412391954115841,4.119880442685193,6.866467404475322,5.7355198319735035,4.039098473220777,2.100331206074804,2.0195492366103887,5.493173923580257,3.4736246869698686,5.25082801518701,2.5850230228612974,2.2618951450036353,1.777203328217142,4.523790290007271,4.523790290007271,1.4540754503594797,2.3426771144680507,3.6351886258986994,5.089264076258179,3.0697148396477907,6.058647709831166,3.3120607480410373,3.554406656434284,1.938767267145973,3.958316503756361,3.554406656434284,5.7355198319735035,2.2618951450036353,4.766136198400517,2.6658049923257128,3.150496809112206,1.777203328217142,2.6658049923257128,2.7465869617901286,4.200662412149608,3.231278778576622,2.9889328701833753,3.554406656434284,1.938767267145973,1.6964213587527264,2.2618951450036353,4.200662412149608,2.7465869617901286,3.877534534291946,4.362226351078439,2.1811131755392195,2.6658049923257128,4.2814443816140235,4.2814443816140235,1.4540754503594797,2.6658049923257128,4.200662412149608,2.8273689312545436,1.615639389288311,1.2925115114306487,2.9081509007189594,2.8273689312545436,2.9081509007189594,4.2814443816140235,5.493173923580257,1.938767267145973,2.423459083932466,1.6964213587527264,4.766136198400517,1.211729541966233,2.6658049923257128,2.1811131755392195,2.504241053396882,1.211729541966233,2.1811131755392195,1.615639389288311,1.211729541966233,2.7465869617901286,3.4736246869698686
philippics_3,261.75818763851265,92.83427727160797,189.36222605269637,61.06870229007633,51.465156365427234,55.65131740950505,7.387343018960847,76.08963309529672,58.60625461708939,70.42600344742674,45.555281950258554,29.795616843142085,29.549372075843387,24.378231962570794,20.192070918492984,13.297217434129523,13.297217434129523,14.282196503324304,6.156119182467372,14.03595173602561,13.789706968726914,5.417384880571288,4.924895345973899,6.648608717064762,11.819748830337355,7.387343018960847,4.678650578675204,5.171140113272593,8.372322088155627,7.879832553558237,4.432405811376508,2.216202905688254,6.894853484363457,5.663629647869983,2.4624476729869493,9.357301157350408,7.879832553558237,4.432405811376508,3.6936715094804233,4.924895345973899,3.6936715094804233,5.9098744151686775,3.6936715094804233,5.417384880571288,0,9.111056390051711,1.7237133710908643,3.4474267421817286,7.879832553558237,5.171140113272593,0.7387343018960847,3.2011819748830335,2.4624476729869493,1.9699581383895592,2.708692440285644,4.678650578675204,1.2312238364934747,0.2462447672986949,2.216202905688254,0.4924895345973898,3.2011819748830335,3.4474267421817286,1.4774686037921694,16.744644176311255,12.312238364934744,12.06599359763605,8.126077320856933,17.729623245506033,6.648608717064762,10.096035459246492,10.588524993843881,8.126077320856933,9.849790691947797,5.171140113272593,5.417384880571288,6.156119182467372,7.141098251662152,12.06599359763605,8.126077320856933,8.864811622753017,5.9098744151686775,4.186161044077814,6.156119182467372,4.924895345973899,2.9549372075843388,9.111056390051711,5.663629647869983,2.708692440285644,2.216202905688254,11.57350406303866,5.171140113272593,5.171140113272593,2.4624476729869493,2.9549372075843388,6.156119182467372,4.678650578675204,3.2011819748830335,6.648608717064762,4.924895345973899,1.2312238364934747,1.7237133710908643,4.186161044077814,2.9549372075843388,4.186161044077814,1.2312238364934747,2.9549372075843388,2.4624476729869493,3.4474267421817286,3.4474267421817286,4.678650578675204,2.708692440285644,4.432405811376508,5.171140113272593,4.432405811376508,5.171140113272593,2.708692440285644,3.6936715094804233,3.4474267421817286,3.9399162767791185,2.9549372075843388,1.9699581383895592,2.4624476729869493,2.4624476729869493,3.6936715094804233,2.9549372075843388,3.9399162767791185,2.9549372075843388,1.7237133710908643,2.4624476729869493,1.7237133710908643,2.708692440285644,2.4624476729869493,4.186161044077814,3.6936715094804233,1.9699581383895592,3.4474267421817286,2.9549372075843388,3.6936715094804233,1.7237133710908643,1.9699581383895592,2.216202905688254,2.708692440285644,4.678650578675204,4.678650578675204,2.708692440285644,3.4474267421817286,2.216202905688254,2.216202905688254,3.6936715094804233,3.9399162767791185,2.4624476729869493,2.4624476729869493,2.9549372075843388,2.708692440285644,1.9699581383895592,3.9399162767791185,2.216202905688254,0.7387343018960847,3.4474267421817286,1.2312238364934747,0.9849790691947796,2.708692440285644,2.9549372075843388
philippics_4,250,78.80434782608695,186.82065217391306,81.52173913043478,48.233695652173914,59.78260869565218,2.0380434782608696,78.80434782608695,52.98913043478261,76.08695652173914,46.875,38.04347826086957,38.04347826086957,32.608695652173914,17.663043478260867,8.152173913043478,15.625,13.58695652173913,7.472826086956522,11.54891304347826,12.907608695652174,6.114130434782609,4.755434782608696,6.114130434782609,10.869565217391305,9.510869565217392,7.472826086956522,2.0380434782608696,8.152173913043478,10.190217391304348,4.755434782608696,8.831521739130434,2.0380434782608696,5.434782608695652,4.076086956521739,4.755434782608696,3.3967391304347827,0,4.076086956521739,6.114130434782609,4.755434782608696,6.114130434782609,1.358695652173913,3.3967391304347827,1.358695652173913,5.434782608695652,4.755434782608696,2.717391304347826,10.190217391304348,1.358695652173913,2.717391304347826,3.3967391304347827,0,2.0380434782608696,2.717391304347826,4.076086956521739,1.358695652173913,0,1.358695652173913,1.358695652173913,2.0380434782608696,2.717391304347826,2.0380434782608696,12.228260869565219,11.54891304347826,10.869565217391305,5.434782608695652,11.54891304347826,6.793478260869565,12.228260869565219,9.510869565217392,4.755434782608696,7.472826086956522,4.076086956521739,6.114130434782609,5.434782608695652,5.434782608695652,10.869565217391305,4.755434782608696,3.3967391304347827,3.3967391304347827,2.717391304347826,5.434782608695652,6.793478260869565,6.114130434782609,8.831521739130434,6.793478260869565,3.3967391304347827,6.114130434782609,6.793478260869565,7.472826086956522,5.434782608695652,3.3967391304347827,4.076086956521739,3.3967391304347827,3.3967391304347827,6.114130434782609,3.3967391304347827,2.717391304347826,0.6793478260869565,2.0380434782608696,0.6793478260869565,3.3967391304347827,2.717391304347826,3.3967391304347827,3.3967391304347827,4.755434782608696,2.0380434782608696,2.717391304347826,3.3967391304347827,4.755434782608696,4.755434782608696,2.0380434782608696,8.152173913043478,5.434782608695652,3.3967391304347827,4.755434782608696,7.472826086956522,2.717391304347826,2.717391304347826,2.0380434782608696,5.434782608695652,3.3967391304347827,4.076086956521739,3.3967391304347827,4.755434782608696,4.076086956521739,3.3967391304347827,1.358695652173913,4.755434782608696,1.358695652173913,3.3967391304347827,4.076086956521739,4.755434782608696,2.0380434782608696,5.434782608695652,2.717391304347826,1.358695652173913,3.3967391304347827,4.755434782608696,1.358695652173913,2.717391304347826,2.0380434782608696,0.6793478260869565,3.3967391304347827,0.6793478260869565,4.076086956521739,2.0380434782608696,2.717391304347826,4.076086956521739,2.717391304347826,3.3967391304347827,3.3967391304347827,0.6793478260869565,2.717391304347826,4.076086956521739,2.717391304347826,1.358695652173913,2.0380434782608696,1.358695652173913,1.358695652173913,4.076086956521739,2.0380434782608696
philippics_5,271.5695067264574,83.2286995515695,192.8251121076233,65.82959641255604,54.52914798206278,61.52466367713005,5.739910313901345,65.82959641255604,50.22421524663677,67.26457399103138,47.89237668161435,33.54260089686099,33.18385650224216,27.623318385650226,16.32286995515695,13.094170403587443,14.349775784753364,17.219730941704036,8.251121076233183,15.246636771300448,11.300448430493274,4.663677130044842,4.843049327354261,3.408071748878924,12.376681614349776,8.609865470852018,4.484304932735426,2.5112107623318387,9.327354260089685,7.174887892376682,2.5112107623318387,3.766816143497758,4.843049327354261,6.098654708520179,4.125560538116591,5.560538116591928,5.739910313901345,5.560538116591928,3.766816143497758,6.457399103139013,2.8699551569506725,5.739910313901345,2.1524663677130045,5.9192825112107625,0.5381165919282511,7.354260089686099,1.9730941704035874,5.381165919282512,4.843049327354261,3.587443946188341,0.35874439461883406,3.408071748878924,1.7937219730941705,1.4349775784753362,1.2556053811659194,3.587443946188341,1.4349775784753362,1.4349775784753362,2.331838565022421,1.9730941704035874,3.587443946188341,2.5112107623318387,1.7937219730941705,19.910313901345294,13.99103139013453,15.964125560538115,7.354260089686099,18.65470852017937,9.506726457399102,8.071748878923767,8.968609865470851,8.968609865470851,8.4304932735426,7.354260089686099,8.251121076233183,3.587443946188341,7.354260089686099,11.300448430493274,7.713004484304933,8.4304932735426,6.995515695067265,5.739910313901345,7.354260089686099,9.147982062780269,3.587443946188341,9.865470852017937,5.739910313901345,3.587443946188341,3.587443946188341,9.327354260089685,4.484304932735426,7.713004484304933,3.9461883408071747,7.174887892376682,5.022421524663677,2.331838565022421,5.560538116591928,7.174887892376682,3.408071748878924,2.690582959641256,4.125560538116591,3.408071748878924,4.484304932735426,6.098654708520179,2.331838565022421,3.766816143497758,5.022421524663677,4.125560538116591,2.690582959641256,4.843049327354261,3.9461883408071747,4.304932735426009,2.690582959641256,3.2286995515695067,2.690582959641256,3.9461883408071747,2.690582959641256,4.484304932735426,2.331838565022421,3.766816143497758,2.331838565022421,2.8699551569506725,2.690582959641256,2.8699551569506725,2.331838565022421,3.408071748878924,4.484304932735426,3.587443946188341,1.2556053811659194,4.304932735426009,2.5112107623318387,3.2286995515695067,4.304932735426009,3.2286995515695067,2.1524663677130045,2.8699551569506725,3.408071748878924,3.2286995515695067,1.0762331838565022,2.5112107623318387,1.9730941704035874,1.6143497757847534,3.766816143497758,2.690582959641256,2.331838565022421,2.690582959641256,2.8699551569506725,1.9730941704035874,2.331838565022421,2.690582959641256,2.5112107623318387,2.1524663677130045,3.766816143497758,0.8968609865470852,3.587443946188341,2.690582959641256,1.9730941704035874,1.2556053811659194,3.0493273542600896,1.7937219730941705,2.1524663677130045,1.9730941704035874,2.331838565022421
philippics_6,227.38886050076647,63.36228921819111,197.75166070516096,79.20286152273889,58.25242718446602,71.02708226877874,11.752682677567705,91.97751660705161,34.2360756259581,67.96116504854369,57.230454777721,39.8569238630557,39.8569238630557,25.03832396525294,10.219724067450178,16.351558507920288,8.686765457332651,11.752682677567705,6.131834440470108,11.241696474195196,16.862544711292795,9.70873786407767,4.087889626980072,2.043944813490036,11.241696474195196,11.752682677567705,6.131834440470108,1.532958610117527,12.263668880940216,8.175779253960144,1.532958610117527,3.5769034236075625,4.087889626980072,6.642820643842616,4.087889626980072,5.109862033725089,5.109862033725089,3.065917220235054,1.532958610117527,8.175779253960144,8.686765457332651,5.620848237097598,1.021972406745018,5.620848237097598,0.510986203372509,10.219724067450178,1.021972406745018,6.642820643842616,8.175779253960144,3.5769034236075625,0,5.109862033725089,1.021972406745018,4.598875830352581,1.532958610117527,5.620848237097598,1.532958610117527,0,3.065917220235054,3.065917220235054,2.043944813490036,3.5769034236075625,1.021972406745018,12.263668880940216,14.818599897802759,13.285641287685232,9.70873786407767,9.197751660705162,4.087889626980072,6.642820643842616,3.5769034236075625,10.219724067450178,7.664793050587634,10.730710270822689,6.642820643842616,3.5769034236075625,12.774655084312723,5.620848237097598,7.664793050587634,2.5549310168625445,5.620848237097598,6.131834440470108,8.175779253960144,5.620848237097598,3.5769034236075625,6.642820643842616,7.153806847215125,5.109862033725089,3.5769034236075625,1.532958610117527,3.5769034236075625,7.153806847215125,5.620848237097598,5.109862033725089,0.510986203372509,2.043944813490036,2.5549310168625445,4.087889626980072,1.021972406745018,1.021972406745018,0.510986203372509,2.043944813490036,3.065917220235054,4.087889626980072,0,2.043944813490036,2.5549310168625445,8.175779253960144,2.043944813490036,4.087889626980072,4.087889626980072,2.043944813490036,1.532958610117527,4.087889626980072,2.043944813490036,3.065917220235054,2.043944813490036,4.087889626980072,1.532958610117527,5.109862033725089,1.532958610117527,1.021972406745018,4.087889626980072,3.5769034236075625,4.598875830352581,4.598875830352581,5.109862033725089,3.065917220235054,3.065917220235054,1.021972406745018,2.5549310168625445,3.065917220235054,5.620848237097598,2.5549310168625445,4.087889626980072,2.043944813490036,4.598875830352581,2.5549310168625445,1.021972406745018,2.5549310168625445,1.021972406745018,1.021972406745018,0.510986203372509,1.021972406745018,3.065917220235054,2.043944813490036,2.043944813490036,1.532958610117527,1.532958610117527,3.5769034236075625,4.087889626980072,1.532958610117527,2.5549310168625445,1.532958610117527,2.5549310168625445,3.5769034236075625,0.510986203372509,1.021972406745018,0.510986203372509,1.021972406745018,1.532958610117527,2.5549310168625445,1.532958610117527
philippics_7,257.8059071729958,72.57383966244726,184.81012658227849,75.10548523206751,52.32067510548523,63.71308016877637,3.7974683544303796,81.85654008438819,45.14767932489452,74.68354430379746,45.9915611814346,42.19409282700422,42.19409282700422,33.333333333333336,16.033755274261605,16.877637130801688,13.080168776371307,7.172995780590718,6.329113924050633,14.345991561181435,17.721518987341774,5.063291139240507,2.5316455696202533,3.3755274261603376,8.016877637130802,9.704641350210972,5.485232067510549,2.109704641350211,13.924050632911392,8.016877637130802,2.109704641350211,8.016877637130802,4.641350210970464,8.438818565400844,2.9535864978902953,3.7974683544303796,5.485232067510549,6.751054852320675,2.9535864978902953,4.641350210970464,6.329113924050633,5.063291139240507,2.5316455696202533,4.219409282700422,0.8438818565400844,9.704641350210972,1.2658227848101267,4.219409282700422,4.641350210970464,3.7974683544303796,2.109704641350211,3.3755274261603376,3.3755274261603376,2.5316455696202533,0,2.5316455696202533,2.109704641350211,0.8438818565400844,3.7974683544303796,2.9535864978902953,2.5316455696202533,4.641350210970464,4.219409282700422,15.189873417721518,13.50210970464135,11.814345991561181,8.860759493670887,17.29957805907173,9.704641350210972,5.485232067510549,8.860759493670887,7.594936708860759,7.594936708860759,8.860759493670887,6.751054852320675,4.219409282700422,5.9071729957805905,8.860759493670887,4.641350210970464,8.016877637130802,6.329113924050633,4.219409282700422,7.172995780590718,6.751054852320675,4.641350210970464,4.219409282700422,5.9071729957805905,5.9071729957805905,2.5316455696202533,6.329113924050633,5.485232067510549,5.485232067510549,3.7974683544303796,5.485232067510549,1.6877637130801688,2.109704641350211,3.3755274261603376,5.485232067510549,3.7974683544303796,5.485232067510549,4.641350210970464,2.109704641350211,4.641350210970464,4.219409282700422,1.6877637130801688,1.2658227848101267,3.7974683544303796,5.485232067510549,4.219409282700422,4.641350210970464,2.9535864978902953,6.329113924050633,3.3755274261603376,3.7974683544303796,2.5316455696202533,2.109704641350211,3.3755274261603376,3.3755274261603376,1.2658227848101267,4.219409282700422,2.5316455696202533,0.8438818565400844,2.5316455696202533,2.5316455696202533,2.5316455696202533,3.3755274261603376,2.5316455696202533,5.063291139240507,4.641350210970464,2.5316455696202533,2.109704641350211,4.641350210970464,4.219409282700422,2.5316455696202533,2.9535864978902953,3.3755274261603376,2.109704641350211,3.7974683544303796,2.9535864978902953,3.7974683544303796,2.9535864978902953,2.9535864978902953,0.4219409282700422,2.9535864978902953,4.219409282700422,2.5316455696202533,2.5316455696202533,1.2658227848101267,1.6877637130801688,1.6877637130801688,3.3755274261603376,2.5316455696202533,2.5316455696202533,1.6877637130801688,3.7974683544303796,3.3755274261603376,3.3755274261603376,0.4219409282700422,2.109704641350211,0.8438818565400844,1.2658227848101267,1.2658227848101267,2.109704641350211
philippics_8,235.74494175352544,80.31882280809319,188.2280809319436,65.60392397302269,54.567749846719806,68.05640711220111,9.196811771919068,80.31882280809319,42.61189454322502,85.83690987124463,48.74310239117106,40.7725321888412,40.7725321888412,27.283874923359903,15.021459227467812,11.955855303494788,14.101778050275904,8.27713059472716,6.7443286327406495,12.568976088289393,16.24770079705702,5.518087063151441,6.7443286327406495,3.3721643163703248,10.116492949110976,9.5033721643163709,8.583690987124463,3.065603923973023,9.196811771919068,7.970570202329859,3.3721643163703248,6.437768240343348,6.7443286327406495,5.518087063151441,3.9852851011649295,4.598405885959534,4.904966278356836,7.050889025137952,1.5328019619865114,7.664009809932557,7.664009809932557,2.1459227467811157,6.131207847946046,4.291845493562231,0.30656039239730226,7.050889025137952,2.7590435315757205,5.518087063151441,6.7443286327406495,5.824647455548743,8.890251379521766,3.678724708767627,1.5328019619865114,2.1459227467811157,0.6131207847946045,3.065603923973023,1.8393623543838136,0,3.3721643163703248,3.678724708767627,2.452483139178418,4.598405885959534,3.065603923973023,13.488657265481299,10.116492949110976,11.036174126302882,7.664009809932557,15.941140404659718,9.196811771919068,5.518087063151441,8.27713059472716,7.664009809932557,7.050889025137952,6.7443286327406495,7.357449417535254,4.291845493562231,4.291845493562231,7.050889025137952,3.678724708767627,5.211526670754139,7.970570202329859,6.7443286327406495,5.211526670754139,3.3721643163703248,3.678724708767627,7.050889025137952,5.518087063151441,4.598405885959534,3.065603923973023,5.518087063151441,4.904966278356836,7.970570202329859,3.065603923973023,3.9852851011649295,3.3721643163703248,2.7590435315757205,3.678724708767627,6.437768240343348,5.211526670754139,1.8393623543838136,2.7590435315757205,2.452483139178418,5.824647455548743,5.518087063151441,1.8393623543838136,3.065603923973023,3.065603923973023,3.9852851011649295,2.7590435315757205,5.518087063151441,3.3721643163703248,3.9852851011649295,2.1459227467811157,2.452483139178418,4.598405885959534,5.211526670754139,2.452483139178418,3.065603923973023,2.452483139178418,1.8393623543838136,1.8393623543838136,1.226241569589209,2.1459227467811157,3.065603923973023,3.678724708767627,2.1459227467811157,3.065603923973023,2.7590435315757205,3.065603923973023,2.1459227467811157,5.211526670754139,3.678724708767627,4.904966278356836,3.678724708767627,2.452483139178418,3.9852851011649295,4.598405885959534,3.9852851011649295,2.452483139178418,1.8393623543838136,3.065603923973023,1.5328019619865114,2.1459227467811157,2.1459227467811157,2.452483139178418,1.8393623543838136,3.3721643163703248,2.1459227467811157,3.3721643163703248,2.1459227467811157,0.9196811771919068,2.452483139178418,4.291845493562231,1.226241569589209,2.1459227467811157,3.065603923973023,1.5328019619865114,1.5328019619865114,2.1459227467811157,1.5328019619865114,2.1459227467811157,2.7590435315757205,2.7590435315757205
philippics_9,270.25495750708217,65.72237960339945,188.6685552407932,71.95467422096317,56.657223796033996,53.82436260623229,11.3314447592068,77.05382436260624,50.42492917847025,66.85552407932012,52.124645892351275,35.12747875354108,34.56090651558073,25.495750708215297,16.9971671388102,21.52974504249292,21.52974504249292,13.031161473087819,9.06515580736544,9.06515580736544,14.73087818696884,5.6657223796034,5.09915014164306,5.6657223796034,10.76487252124646,11.3314447592068,3.3994334277620397,3.96600566572238,10.19830028328612,6.232294617563739,3.96600566572238,3.3994334277620397,6.798866855524079,4.53257790368272,4.53257790368272,2.8328611898017,2.8328611898017,3.3994334277620397,6.798866855524079,8.4985835694051,2.26628895184136,4.53257790368272,2.26628895184136,9.06515580736544,2.26628895184136,1.6997167138810199,3.96600566572238,0,6.232294617563739,2.8328611898017,0.56657223796034,3.96600566572238,0,3.3994334277620397,0,4.53257790368272,1.6997167138810199,0,1.13314447592068,2.26628895184136,1.13314447592068,3.3994334277620397,1.13314447592068,16.9971671388102,10.76487252124646,14.164305949008499,7.36543909348442,15.29745042492918,7.36543909348442,9.63172804532578,7.93201133144476,12.464589235127479,9.63172804532578,8.4985835694051,6.232294617563739,4.53257790368272,6.232294617563739,11.3314447592068,6.232294617563739,4.53257790368272,6.798866855524079,5.6657223796034,7.93201133144476,10.76487252124646,1.6997167138810199,9.06515580736544,10.76487252124646,4.53257790368272,3.96600566572238,6.798866855524079,4.53257790368272,6.232294617563739,7.36543909348442,2.8328611898017,4.53257790368272,2.8328611898017,4.53257790368272,9.06515580736544,3.96600566572238,2.8328611898017,3.3994334277620397,2.8328611898017,2.26628895184136,6.798866855524079,2.26628895184136,2.8328611898017,4.53257790368272,3.3994334277620397,1.6997167138810199,3.96600566572238,3.3994334277620397,1.6997167138810199,2.8328611898017,2.26628895184136,5.09915014164306,3.3994334277620397,2.26628895184136,3.96600566572238,3.3994334277620397,5.09915014164306,1.6997167138810199,2.26628895184136,4.53257790368272,5.6657223796034,2.26628895184136,3.96600566572238,5.09915014164306,3.3994334277620397,0.56657223796034,3.96600566572238,1.13314447592068,1.6997167138810199,3.96600566572238,3.96600566572238,2.8328611898017,4.53257790368272,1.13314447592068,3.96600566572238,2.8328611898017,6.798866855524079,1.13314447592068,2.8328611898017,2.26628895184136,0.56657223796034,2.26628895184136,0.56657223796034,2.8328611898017,1.6997167138810199,2.8328611898017,1.6997167138810199,2.8328611898017,3.3994334277620397,2.26628895184136,1.6997167138810199,5.09915014164306,3.96600566572238,0.56657223796034,1.6997167138810199,2.26628895184136,1.6997167138810199,1.6997167138810199,2.26628895184136,2.8328611898017
senectute_1,226.6908349382576,73.07125863826896,183.86767871303954,60.04304973377138,54.378611079642006,55.05834371813753,5.89101620029455,99.01438767418148,64.12144556474453,86.43933386201427,51.093236660246966,40.33080321740116,40.10422567123599,32.400589101620035,24.13050866659114,16.766738416222953,15.407273139231902,8.383369208111477,6.570748838790076,7.590347796533363,14.840829273818963,5.551149881046788,6.004304973377138,4.6448396963860885,4.984706015633851,10.535855896680639,6.457460065707488,4.871417242551264,5.324572334881613,7.363770250368188,7.477059023450776,5.324572334881613,7.363770250368188,9.856123258185114,3.511951965560213,3.511951965560213,4.418262150220913,6.684037611872663,4.871417242551264,5.664438654129375,10.649144669763226,4.531550923303501,5.211283561799026,4.191684604055738,0.9063101846607001,4.871417242551264,3.1720856463124503,3.8518182848079756,8.383369208111477,6.910615158037838,3.0587968732298627,5.4378611079642,2.379064234734338,3.0587968732298627,2.152486688569163,3.9651070578905627,1.6993315962388127,0.3398663192477625,2.4923530078169254,0.5664438654129377,1.9259091424039878,6.570748838790076,4.6448396963860885,11.215588535176163,9.516256938937351,9.516256938937351,7.9302141157811255,9.063101846607003,5.89101620029455,11.555454854423926,4.984706015633851,5.211283561799026,5.324572334881613,4.531550923303501,6.004304973377138,6.004304973377138,6.3441712926249005,4.6448396963860885,5.551149881046788,4.871417242551264,5.777727427211963,5.664438654129375,5.664438654129375,5.324572334881613,2.2657754616517507,3.0587968732298627,4.304973377138326,2.7189305539821,4.191684604055738,4.191684604055738,4.304973377138326,4.984706015633851,3.9651070578905627,2.379064234734338,4.6448396963860885,4.304973377138326,4.418262150220913,2.4923530078169254,3.738529511725388,3.9651070578905627,1.6993315962388127,2.152486688569163,2.379064234734338,6.457460065707488,3.8518182848079756,2.7189305539821,3.3986631924776254,4.758128469468676,2.8322193270646876,3.1720856463124503,5.097994788716439,5.89101620029455,3.285374419395038,4.191684604055738,4.078395830973151,4.191684604055738,3.1720856463124503,3.511951965560213,2.945508100147275,3.8518182848079756,1.1328877308258753,2.945508100147275,5.097994788716439,3.3986631924776254,2.8322193270646876,3.3986631924776254,3.285374419395038,4.758128469468676,2.152486688569163,1.5860428231562251,3.0587968732298627,3.6252407386428005,4.078395830973151,2.152486688569163,1.5860428231562251,1.9259091424039878,3.6252407386428005,3.0587968732298627,2.7189305539821,3.285374419395038,2.7189305539821,3.3986631924776254,2.8322193270646876,2.945508100147275,3.1720856463124503,1.9259091424039878,2.2657754616517507,3.3986631924776254,3.1720856463124503,2.152486688569163,2.7189305539821,0.9063101846607001,3.3986631924776254,1.8126203693214002,3.3986631924776254,2.0391979154865756,1.8126203693214002,1.0195989577432878,1.6993315962388127,1.0195989577432878,1.6993315962388127,2.2657754616517507,2.4923530078169254
spanish_1,285.7142857142857,61.268143621084796,201.37509549274253,55.15660809778457,88.61726508785333,62.032085561497325,11.306340718105425,57.60122230710466,42.16959511077158,65.85179526355996,35.294117647058826,33.61344537815126,33.61344537815126,28.113063407181052,24.293353705118413,20.473644003055767,18.33460656990069,12.681436210847975,19.251336898395724,8.861726508785331,6.875477463712758,12.223071046600458,11.611917494270434,0.45836516424751717,2.750190985485103,11.45912910618793,2.5974025974025974,13.139801375095493,3.972498090145149,3.6669213139801373,3.0557677616501144,3.361344537815126,8.403361344537815,0.9167303284950343,4.278074866310161,11.153552330022917,3.6669213139801373,1.0695187165775402,1.8334606569900687,1.5278838808250572,0.7639419404125286,4.889228418640183,0.30557677616501144,1.2223071046600458,7.944996180290298,0.7639419404125286,3.5141329258976315,0.6111535523300229,0.30557677616501144,0.9167303284950343,0.15278838808250572,0.45836516424751717,2.9029793735676086,2.4446142093200915,2.5974025974025974,1.3750954927425516,0.30557677616501144,3.2085561497326203,1.5278838808250572,1.2223071046600458,6.875477463712758,0.15278838808250572,0.7639419404125286,24.140565317035904,15.278838808250574,15.126050420168067,15.584415584415584,14.209320091673034,15.889992360580596,7.944996180290298,13.59816653934301,9.931245225362872,13.292589763177999,9.167303284950345,5.500381970970206,6.569900687547746,11.76470588235294,3.0557677616501144,6.111535523300229,6.569900687547746,7.944996180290298,7.4866310160427805,7.4866310160427805,4.583651642475172,7.18105423987777,4.736440030557677,7.028265851795263,9.625668449197862,4.278074866310161,3.972498090145149,7.028265851795263,3.5141329258976315,5.347593582887701,5.653170359052712,4.736440030557677,3.6669213139801373,4.583651642475172,4.278074866310161,7.333842627960275,4.430863254392666,4.736440030557677,3.5141329258976315,5.347593582887701,3.361344537815126,4.278074866310161,1.9862490450725745,5.347593582887701,2.4446142093200915,4.430863254392666,2.5974025974025974,2.5974025974025974,3.0557677616501144,1.8334606569900687,3.2085561497326203,4.736440030557677,2.4446142093200915,2.1390374331550803,3.361344537815126,3.5141329258976315,4.125286478227655,3.972498090145149,2.9029793735676086,4.583651642475172,2.9029793735676086,6.264323911382735,3.6669213139801373,3.972498090145149,2.5974025974025974,3.8197097020626436,2.291825821237586,5.194805194805195,4.583651642475172,1.5278838808250572,3.0557677616501144,2.750190985485103,3.0557677616501144,3.2085561497326203,3.972498090145149,3.361344537815126,3.6669213139801373,2.9029793735676086,1.680672268907563,0.9167303284950343,1.2223071046600458,3.8197097020626436,3.5141329258976315,1.680672268907563,3.6669213139801373,1.2223071046600458,3.2085561497326203,2.4446142093200915,2.4446142093200915,0.7639419404125286,1.9862490450725745,1.9862490450725745,1.0695187165775402,1.9862490450725745,2.291825821237586,2.1390374331550803,2.9029793735676086,1.680672268907563,1.5278838808250572,1.2223071046600458
